Scully's Tavern Miami Florida yelp,https://www.yelp.com/biz/scullys-tavern-miami
90 Miles Cuban Cafe Chicago Illinois yelp,https://www.yelp.com/biz/90-miles-cuban-caf%25C3%25A9-chicago-5
Broders' Cucina Italiana Minneapolis Minnesota yelp,https://www.yelp.com/biz/broders-cucina-italiana-minneapolis
El Indio San Diego California yelp,https://www.yelp.com/biz/el-indio-mexican-restaurant-san-diego-3
The Duce Phoenix Arizona yelp,https://www.yelp.com/biz/the-duce-phoenix
Don Antonio By Starita Manhattan New York yelp,https://www.yelp.com/biz/don-antonio-by-starita-new-york-2
Parkview Nightclub Cleveland Ohio yelp,https://www.yelp.com/biz/parkview-nite-club-cleveland
Irazu Chicago Illinois yelp,https://www.yelp.com/biz/irazu-costa-rican-restaurant-chicago-2
Harvey's Hot Dogs II Portsmouth Virginia yelp,https://www.yelp.com/biz/harveys-hot-dogs-portsmouth
Foreign & Domestic Austin Texas yelp,https://www.yelp.com/biz/foreign-and-domestic-austin
11th Street Diner Miami Beach Florida yelp,https://www.yelp.com/biz/11th-street-diner-miami-beach-2
Italian Corner East Providence Rhode Island yelp,https://www.yelp.com/biz/italian-corner-east-providence
Chef Point Caf\xed\xa9 Wautaga Texas yelp,https://www.yelp.com/biz/chef-point-cafe-watauga
Meal Ticket Berkeley California yelp,https://www.yelp.com/biz/meal-ticket-berkeley
The Starling Diner Long Beach California yelp,https://www.yelp.com/biz/starling-diner-long-beach
The Brick Kansas City Missouri yelp,https://www.yelp.com/biz/the-brick-kansas-city
Guerilla Street Food St. Louis Missouri yelp,https://www.yelp.com/biz/guerrilla-street-food-saint-louis
Three Angels Diner Memphis Tennessee yelp,https://www.yelp.com/biz/3-angels-on-broad-memphis-2
Nexus Brewery Albuquerque New Mexico yelp,https://www.yelp.com/biz/nexus-brewery-albuquerque
Forte European Tapas Bar & Bistro Las Vegas Nevada yelp,https://www.yelp.com/biz/forte-european-tapas-bar-and-bistro-las-vegas
Tocabe American Indian Eatery Denver Colorado yelp,https://www.yelp.com/biz/tocabe-american-indian-eatery-denver
Jax At The Trax Truckee California yelp,https://www.yelp.com/biz/jax-truckee-diner-truckee
Hob Nob Hill San Diego California yelp,https://www.yelp.com/biz/hob-nob-hill-san-diego
Anchor Bar Superior Wisconsin yelp,https://www.yelp.com/biz/anchor-bar-superior
Glenn\xe4\xf3\xbbs Diner Chicago Illinois yelp,No URL Found
Whale\xe4\xf3\xbbs Rib Deerfield Beach Florida yelp,No URL Found
Bryant-Lake Bowl Minneapolis Minnesota yelp,https://www.yelp.com/biz/bryant-lake-bowl-minneapolis-2
Fat Choy Las Vegas Nevada yelp,https://www.yelp.com/biz/fat-choy-las-vegas
Maria's Taco Express Austin Texas yelp,https://www.yelp.com/biz/marias-tacos-xpress-austin
Joe's Cable Car San Francisco California yelp,https://www.yelp.com/biz/joes-cable-car-restaurant-san-francisco
Arnold\xe4\xf3\xbbs Country Kitchen Nashville Tennessee yelp,No URL Found
Louis Restaurant Providence Rhode Island yelp,https://www.yelp.com/biz/louis-family-restaurant-providence
Tom\xe4\xf3\xbbs Thumb Fresh Market Scottsdale Arizona yelp,No URL Found
The Oinkster Eagle Rock California yelp,https://www.yelp.com/biz/the-oinkster-los-angeles
Naked City Pizza Las Vegas Nevada yelp,https://www.yelp.com/biz/naked-city-pizza-shop-on-arville-las-vegas
Taste of Europe Arlington Texas yelp,https://www.yelp.com/biz/a-taste-of-europe-arlington
Grubstake Diner San Francisco California yelp,https://www.yelp.com/biz/grubstake-san-francisco
Chomp Chomp Nation Irvine California yelp,https://www.yelp.com/biz/chomp-chomp-nation-anaheim-2
Counter Cafe Austin Texas yelp,https://www.yelp.com/biz/counter-cafe-east-austin
Jamaica Kitchen Kendale Lakes Florida yelp,https://www.yelp.com/biz/jamaica-kitchen-miami
Carluccio\xe4\xf3\xbbs Coal Fired Pizza Northfield New Jersey yelp,No URL Found
Tamarindo Truck Orange County California yelp,https://www.yelp.com/biz/tamarindo-truck-orange
Cravings Duck North Carolina yelp,https://www.yelp.com/biz/coastal-cravings-duck
Mad Greek's Diner Baker California yelp,https://www.yelp.com/biz/the-mad-greek-baker
Sidecar Bar and Grille Philadelphia Pennsylvania yelp,https://www.yelp.com/biz/the-sidecar-bar-and-grille-philadelphia
The Dining Car & Market Philadelphia Pennsylvania yelp,https://www.yelp.com/biz/the-dining-car-and-market-philadelphia
Opal Thai Food Haleiwa Hawaii yelp,https://www.yelp.com/biz/opal-thai-food-haleiwa-4
Blow Fly Inn Gulfport Mississippi yelp,https://www.yelp.com/biz/blow-fly-inn-gulfport-2
Espino's Mexican Bar and Grill Chesterfield Missouri yelp,https://www.yelp.com/biz/espinos-mexican-bar-and-grill-chesterfield
South Of Beale (SOB) Memphis Tennessee yelp,https://www.yelp.com/biz/south-of-beale-memphis
Clanton's Caf\xed\xa9 Vinita Oklahoma yelp,No URL Found
Tap Tap Haitian Restaurant Miami Beach Florida yelp,https://www.yelp.com/biz/tap-tap-restaurant-miami-beach-2
Salsa Brava Flagstaff Arizona yelp,https://www.yelp.com/biz/salsa-brava-flagstaff
Tattooed Moose Charleston South Carolina yelp,https://www.yelp.com/biz/tattooed-moose-charleston
Dixie Supply Bakery & Cafe Charleston South Carolina yelp,https://www.yelp.com/biz/dixie-supply-bakery-and-cafe-charleston
Donatelli's White Bear Lake Minnesota yelp,https://www.yelp.com/biz/donatellis-white-bear-lake
Kramarczuk Sausage Company Minneapolis Minnesota yelp,https://www.yelp.com/biz/kramarczuks-sausage-company-minneapolis
Pizzalchik Boise Idaho yelp,https://www.yelp.com/biz/pizzalchik-boise
Los Tapatios San Jose California yelp,https://www.yelp.com/biz/los-tapatios-taco-truck-san-jose
Grover\xe4\xf3\xbbs Bar & Grill East Amherst New York yelp,No URL Found
Clanton's Cafe Vinita Oklahoma yelp,https://www.yelp.com/biz/clantons-cafe-vinita
Triple XXX Restaurant West Lafayette Indiana yelp,https://www.yelp.com/biz/triple-xxx-restaurant-west-lafayette
Crockett's Public House Puyallup Washington yelp,https://www.yelp.com/biz/crocketts-public-house-puyallup
Pine State Biscuits Portland Oregon yelp,https://www.yelp.com/biz/pine-state-biscuits-portland-2
Magnolia Caf\xed\xa9 Austin Texas yelp,https://www.yelp.com/biz/magnolia-cafe-austin-2
Badboy Burrito Key West Florida yelp,https://www.yelp.com/biz/bad-boy-burrito-key-west
Iron Barley St. Louis Missouri yelp,https://www.yelp.com/biz/iron-barley-eating-establishment-saint-louis
Bunk Sandwiches Portland Oregon yelp,https://www.yelp.com/biz/bunk-sandwiches-portland-5
Rosie's Diner Rockford Michigan yelp,https://www.yelp.com/biz/rosies-diner-rockford
Gloria\xe4\xf3\xbbs Caf\xed\xa9 Los Angeles California yelp,No URL Found
Pete's Breakfast House Ventura California yelp,https://www.yelp.com/biz/petes-breakfast-house-restaurant-ventura
Matt\xe4\xf3\xbbs Big Breakfast Phoenix Arizona yelp,No URL Found
Ramona Cafe Ramona California yelp,https://www.yelp.com/biz/ramona-cafe-ramona-2
John's of 12th Street Manhattan New York yelp,https://www.yelp.com/biz/johns-of-12th-street-new-york-2
Pinky G\xe4\xf3\xbbs Pizzeria Jackson Wyoming yelp,No URL Found
La Cucina Del Garga Firenze Italy yelp,https://www.yelp.com/biz/la-cucina-del-garga-firenze
Dish Charlotte North Carolina yelp,https://www.yelp.com/biz/dish-charlotte
Brick Oven Pizza Baltimore Maryland yelp,https://www.yelp.com/biz/brick-oven-pizza-baltimore
Patti's Pierogis Fall River Massachusetts yelp,https://www.yelp.com/biz/pattis-pierogis-fall-river
Asi y Asado Cabo San Lucas Mexico yelp,https://www.yelp.com/biz/as%25C3%25AD-y-asado-cabo-san-lucas-2
Capone\xe4\xf3\xbbs Pub Coeur d\xe4\xf3\xbbAlene Idaho yelp,No URL Found
Standard Tap Philadelphia Pennsylvania yelp,https://www.yelp.com/biz/standard-tap-philadelphia
Evelyn's Drive-In Tiverton Rhode Island yelp,https://www.yelp.com/biz/evelyns-drive-in-tiverton
Supino Pizzeria Detroit Michigan yelp,https://www.yelp.com/biz/supino-pizzeria-detroit
Bachi Burger Las Vegas Nevada yelp,https://www.yelp.com/biz/bachi-burger-las-vegas
Bang! Denver Colorado yelp,https://www.yelp.com/biz/bang-denver
HRD Coffee Shop San Francisco California yelp,https://www.yelp.com/biz/hrd-san-francisco-4
Chicago Brauhaus Chicago Illinois yelp,https://www.yelp.com/biz/chicago-brauhaus-chicago
Wild Plum Cafe & Bistro Monterey California yelp,https://www.yelp.com/biz/the-wild-plum-cafe-and-bakery-monterey
Bruno's European Restaurant Tacoma Washington yelp,https://www.yelp.com/biz/brunos-european-restaurant-lakewood
The Weeping Radish Jarvisburg North Carolina yelp,https://www.yelp.com/biz/weeping-radish-farm-brewery-grandy
Kounty Quarthouse South Range Wisconsin yelp,https://www.yelp.com/biz/kounty-quarthouse-south-range
The Silver Skillet Atlanta Georgia yelp,https://www.yelp.com/biz/the-silver-skillet-atlanta
Danny Edward's BBQ Kansas City Missouri yelp,https://www.yelp.com/biz/danny-edwards-boulevard-bbq-kansas-city
George The Chili King Drive-In Des Moines Iowa yelp,https://www.yelp.com/biz/george-the-chili-king-des-moines-2
Chino Bandido Phoenix Arizona yelp,https://www.yelp.com/biz/chino-bandido-phoenix-3
Funk N Waffles Syracuse New York yelp,https://www.yelp.com/biz/funk-n-waffles-syracuse
Sam LaGrassa's Boston Massachusetts yelp,https://www.yelp.com/biz/sam-lagrassas-boston-3
Sakaya Kitchen Miami Florida yelp,https://www.yelp.com/biz/sakaya-kitchen-miami
Oohh\xe4\xf3\xbbs & Aahh\xe4\xf3\xbbs Gourmet Deli Washington D.C. yelp,No URL Found
Donnie Mac\xe4\xf3\xbbs Trailer Park Cuisine Boise Idaho yelp,No URL Found
The Pit Stop Merrick New York yelp,https://www.yelp.com/biz/the-pit-stop-merrick
Casa Chimayo Restaurant Santa Fe New Mexico yelp,https://www.yelp.com/biz/casa-chimayo-restaurant-santa-fe
Pig Latin (Food Truck) Colorado Springs Colorado yelp,https://www.yelp.com/biz/piglatin-truck-colorado-springs
Scully's Tavern Miami FL yelp,https://www.yelp.com/biz/scullys-tavern-miami
"Arleta Library, Bakery & Caf\xed\xa9 Portland Oregon yelp",https://www.yelp.com/biz/arleta-library-bakery-cafe-portland
The Park's Finest BBQ Los Angeles California yelp,https://www.yelp.com/biz/the-parks-finest-los-angeles
Polka Restaurant & Catering Los Angeles California yelp,https://www.yelp.com/biz/polka-polish-restaurant-los-angeles-2
Indy\xe4\xf3\xbbs Historic Steer-In Restaurant Indianapolis Indiana yelp,https://www.yelp.com/biz/indys-historic-steer-in-restaurant-indianapolis-2
Comet Ping Pong Washington D.C. yelp,https://www.yelp.com/biz/comet-ping-pong-washington
Brint's Diner Wichita Kansas yelp,https://www.yelp.com/biz/brints-diner-wichita-5
Parasol\xe4\xf3\xbbs New Orleans Louisiana yelp,No URL Found
Wilson\xe4\xf3\xbbs Holy Smoke BBQ Fairfield Connecticut yelp,No URL Found
Jimmy\xe4\xf3\xbbs Famous Seafood Baltimore Maryland yelp,https://www.yelp.com/biz/jimmys-famous-seafood-baltimore
Taco Bus Tampa Florida yelp,https://www.yelp.com/biz/taco-bus-tampa-8
Get Fresh Caf\xed\xa9 Norfolk Virginia yelp,https://www.yelp.com/biz/get-fresh-cafe-norfolk
Central City Cafe Huntington West Virginia yelp,https://www.yelp.com/biz/central-city-cafe-huntington
Brindle Room New York New York yelp,https://www.yelp.com/biz/brindle-room-new-york
Fat Sal\xe4\xf3\xbbs Deli Los Angeles California yelp,No URL Found
Mambos Caf\xed\xa9 Glendale California yelp,No URL Found
Chaps Pit Beef Baltimore Maryland yelp,https://www.yelp.com/biz/chaps-pit-beef-baltimore
Rainbow Drive-In Honolulu Hawaii yelp,https://www.yelp.com/biz/rainbow-drive-in-honolulu
Garbo\xe4\xf3\xbbs Grill Key West Florida yelp,No URL Found
Bludso's BBQ Compton California yelp,https://www.yelp.com/biz/bludsos-bbq-compton
Emily\xe4\xf3\xbbs Lebanese Delicatessen Minneapolis Minnesota yelp,https://www.yelp.com/biz/emilys-lebanese-delicatessen-minneapolis
Hook Camden Town Camden London UK yelp,https://www.yelp.com/search%3Ffind_desc%3Dhook%2Bcamden%2Btown%26find_loc%3DLondon
Starlite Lounge Blawnox Pennsylvania yelp,https://www.yelp.com/biz/starlite-lounge-pittsburgh
Artiso's Salt Lake City Utah yelp,https://www.yelp.com/biz/aristos-greek-restaurant-and-cafe-salt-lake-city-2
South 21 Drive-In Charlotte North Carolina yelp,https://www.yelp.com/biz/south-21-drive-in-charlotte-2
Chop House Burgers Arlington Texas yelp,https://www.yelp.com/biz/chop-house-burgers-arlington-3
Delta Diner Delta Wisconsin yelp,https://www.yelp.com/biz/delta-diner-delta
Rocco\xe4\xf3\xbbs Caf\xed\xa9 San Francisco California yelp,No URL Found
South 21 Drive In Charlotte North Carolina yelp,https://www.yelp.com/biz/south-21-drive-in-charlotte-2
Mama's Food Shop Manhattan New York yelp,https://www.yelp.com/biz/mamas-food-shop-new-york-2
Kuma\xe4\xf3\xbbs Corner Chicago Illinois yelp,No URL Found
Mahoney\xe4\xf3\xbbs Po-Boy Shop New Orleans Louisiana yelp,No URL Found
10th Ave Burrito Co Belmar New Jersey yelp,https://www.yelp.com/biz/10th-avenue-burrito-co-belmar
O\xe4\xf3\xbbRourke\xe4\xf3\xbbs Diner Middletown Connecticut yelp,No URL Found
Jose\xe4\xf3\xbbs Real Cuban Food Bradenton Florida yelp,No URL Found
At Sara\xe4\xf3\xbbs Table Chester Creek Caf\xed\xa9 Duluth Minnesota yelp,No URL Found
Louie & the Red Head Lady Mandeville Louisiana yelp,https://www.yelp.com/biz/louie-and-the-redhead-lady-mandeville-3
Charlie's Diner Spencer Massachusetts yelp,https://www.yelp.com/biz/charlies-diner-spencer
The Penguin Charlotte North Carolina yelp,https://www.yelp.com/biz/the-penguin-drive-in-charlotte
Burger Me! Truckee California yelp,https://www.yelp.com/biz/burger-me-truckee
Bob\xe4\xf3\xbbs Clam Hut Kittery Maine yelp,No URL Found
Burger Bar Roy Utah yelp,https://www.yelp.com/biz/burger-bar-roy
Senor Sisig Food Truck San Francisco California yelp,https://www.yelp.com/biz/se%25C3%25B1or-sisig-san-francisco-3
Bayport BBQ Bayport Minnesota yelp,https://www.yelp.com/biz/bayport-bbq-bayport
Cattlemen's Steakhouse Oklahoma City Oklahoma yelp,https://www.yelp.com/biz/cattlemens-steak-house-oklahoma-city
Sweetie Pie's St. Louis Missouri yelp,https://www.yelp.com/biz/sweetie-pies-soul-food-saint-louis-2
Percy Street Barbecue Philadelphia Pennsylvania yelp,https://www.yelp.com/biz/percy-street-barbecue-philadelphia
Moochie's Meatballs & More Salt Lake City Utah yelp,https://www.yelp.com/biz/moochies-meatballs-and-more-salt-lake-city
Louie Mueller BBQ Taylor Texas yelp,https://www.yelp.com/biz/louie-mueller-barbecue-taylor
Pepe's and Mito's Dallas Texas yelp,https://www.yelp.com/biz/pepes-and-mitos-mexican-caf%25C3%25A9-dallas-2
Sophia\xe4\xf3\xbbs Place Albuquerque New Mexico yelp,No URL Found
The Anchorage Tavern Somers Point New Jersey yelp,https://www.yelp.com/biz/anchorage-tavern-restaurant-somers-point
CoraFaye's Caf\xed\xa9 Denver Colorado yelp,No URL Found
Blue Ash Chili Restaurant Cincinnati Ohio yelp,https://www.yelp.com/biz/blue-ash-chili-cincinnati
Maxwell\xe4\xf3\xbbs East Coast Eatery Salt Lake City Utah yelp,No URL Found
The Sink Boulder Colorado yelp,https://www.yelp.com/biz/the-sink-boulder
Pica Pica San Francisco California yelp,https://www.yelp.com/biz/pica-pica-arepa-kitchen-san-francisco
El Nuevo Frutilandia San Francisco California yelp,https://www.yelp.com/biz/el-nuevo-frutilandia-san-francisco
Merritt Canteen Inc. Bridgeport Connecticut yelp,https://www.yelp.com/biz/merritt-canteen-bridgeport
Marlowe's Ribs Memphis Tennessee yelp,https://www.yelp.com/biz/marlowes-ribs-and-restaurant-memphis-2
Brine and Bottle Nags Head North Carolina yelp,https://www.yelp.com/biz/the-brine-and-bottle-nags-head
Pizza Junction North Tonawanda New York yelp,https://www.yelp.com/biz/pizza-junction-north-tonawanda
Munch\xe4\xf3\xbbs Restaurant & Sundries St. Petersburg Florida yelp,No URL Found
Johnny Garlic's Santa Rosa California yelp,https://www.yelp.com/biz/johnny-garlics-santa-rosa-6
Tufano\xe4\xf3\xbbs Vernon Park Tap Chicago Illinois yelp,No URL Found
Polish Village Caf\xed\xa9 Hamtramck Michigan yelp,No URL Found
Avila\xe4\xf3\xbbs Caf\xed\xa9 Dallas Texas yelp,No URL Found
Mas Tacos Nashville Tennessee yelp,https://www.yelp.com/biz/mas-tacos-nashville
The Glass Onion Charleston South Carolina yelp,https://www.yelp.com/biz/the-glass-onion-charleston
Brats Brothers Sherman Oaks California yelp,https://www.yelp.com/biz/brats-brothers-sherman-oaks
The Ritz Diner Livingston New Jersey yelp,https://www.yelp.com/biz/ritz-diner-livingston
Grano\xe4\xf3\xbbs Pasta Bar Baltimore Maryland yelp,No URL Found
South Philadelphia Tap Room Philadelphia Pennsylvania yelp,https://www.yelp.com/biz/south-philadelphia-tap-room-philadelphia-3
Lito's Mexican Restaurant Santa Barbara California yelp,https://www.yelp.com/biz/litos-take-out-santa-barbara
Catelli\xe4\xf3\xbbs Geyserville California yelp,No URL Found
BB's Lawnside BBQ Kansas City Missouri yelp,https://www.yelp.com/biz/b-b-s-lawnside-bbq-kansas-city
LoBello\xe4\xf3\xbbs Spaghetti House Coraopolis Pennsylvania yelp,No URL Found
W.O.W. - Worth Our Weight Santa Rosa California yelp,https://www.yelp.com/biz/worth-our-weight-santa-rosa
Tioli's Crazee Burger San Diego California yelp,https://www.yelp.com/biz/crazee-burger-san-diego-3
Smokin Guns BBQ & Catering Kansas City Missouri yelp,https://www.yelp.com/biz/smokin-guns-bbq-and-catering-north-kansas-city
Red Wagon Caf\xed\xa9 Vancouver British Columbia yelp,No URL Found
Monte Carlo Steak House Albuquerque New Mexico yelp,https://www.yelp.com/biz/monte-carlo-steak-house-albuquerque-2
Jimtown Store Healdsburg California yelp,https://www.yelp.com/biz/jimtown-store-healdsburg-2
Leo's BBQ Oklahoma City Oklahoma yelp,https://www.yelp.com/biz/leos-barbeque-oklahoma-city
Voula\xe4\xf3\xbbs Offshore Cafe Seattle Washington yelp,No URL Found
Save On Meats Vancouver British Columbia yelp,https://www.yelp.com/biz/save-on-meats-vancouver
Galewood Cook Shack Chicago Illinois yelp,https://www.yelp.com/search%3Ffind_desc%3Dgalewood%2Bcook%2Bshack%26find_loc%3DChicago%252C%2BIL
Cafe Brazil Denver Colorado yelp,https://www.yelp.com/biz/caf%25C3%25A9-brazil-denver-2
Memphis Barbecue Co. Horn Lake Mississippi yelp,https://www.yelp.com/biz/memphis-barbecue-company-horn-lake-2
Duck\xe4\xf3\xbbs Eatery Manhattan New York yelp,https://www.yelp.com/search%3Fcflt%3Drestaurants%26find_loc%3DNew%2BYork%252C%2BNY
Al\xe4\xf3\xbbs Breakfast Minneapolis Minnesota yelp,https://www.yelp.com/biz/als-breakfast-minneapolis
Zest Indianapolis Indiana yelp,https://www.yelp.com/biz/zest-exciting-food-creations-indianapolis-3
La Taverna dei Miracoli da Mangiafuoco Toscana Italy yelp,https://www.tripadvisor.com/Restaurant_Review-g1016807-d2306252-Reviews-La_Taverna_dei_Miracoli_da_Mangiafuoco-Pescia_Province_of_Pistoia_Tuscany.html
Di Pasquale\xe4\xf3\xbbs Baltimore Maryland yelp,https://www.yelp.com/biz/di-pasquales-italian-marketplace-baltimore
Voula's Offshore Caf\xed\xa9 Seattle Washington yelp,https://www.yelp.com/biz/voulas-offshore-cafe-seattle
The Golden Bear Sacramento California yelp,https://www.yelp.com/biz/the-golden-bear-sacramento
Yankee Lobster Company Boston Massachusetts yelp,https://www.yelp.com/biz/yankee-lobster-boston
Broken Record San Francisco California yelp,https://www.yelp.com/biz/broken-record-san-francisco
Mert's Heart & Soul Charlotte North Carolina yelp,https://www.yelp.com/biz/merts-heart-and-soul-charlotte
The Bagel Delicatessen & Restaurant Denver Colorado yelp,https://www.yelp.com/biz/the-bagel-deli-and-restaurant-denver-3
Otto\xe4\xf3\xbbs Sausage Kitchen & Meat Market Portland Oregon yelp,No URL Found
Sage General Store Queens New York yelp,https://www.yelp.com/biz/sage-roadhouse-long-island-city
Gazala's Place Manhattan New York yelp,https://www.yelp.com/biz/gazalas-new-york-23
Pastabilities Syracuse New York yelp,https://www.yelp.com/biz/pastabilities-syracuse
Steuben\xe4\xf3\xbbs Food Service Denver Colorado yelp,No URL Found
Muertos Kitchen & Lounge Bakersfield California yelp,https://www.yelp.com/biz/muertos-kitchen-and-lounge-bakersfield-2
The Barking Dog Indianapolis Indiana yelp,https://www.yelp.com/biz/barking-dog-cafe-indianapolis
Doumar's Norfolk Virginia yelp,https://www.yelp.com/biz/doumars-cones-and-barbecue-norfolk
Nickel Diner Los Angeles California yelp,https://www.yelp.com/biz/nickel-diner-los-angeles-2
Dell Rhea's Chicken Basket Willowbrook Illinois yelp,https://www.yelp.com/biz/dell-rheas-chicken-basket-willowbrook
Trina\xe4\xf3\xbbs Starlite Lounge Somerville Massachusetts yelp,No URL Found
Quahog\xe4\xf3\xbbs Seafood Shack Stone Harbor New Jersey yelp,No URL Found
Mike\xe4\xf3\xbbs Huli Huli Chicken Kaneohe Hawaii yelp,No URL Found
The Lodge Sasquatch Kitchen Fort Collins Colorado yelp,https://www.yelp.com/biz/the-lodge-sasquatch-kitchen-fort-collins
Zia Diner & Angel Food Catering Santa Fe New Mexico yelp,https://www.yelp.com/biz/zia-diner-santa-fe
Chuck\xe4\xf3\xbbs Southern Comforts Caf\xed\xa9 Burbank Illinois yelp,No URL Found
Virginia Diner Wakefield Virginia yelp,https://www.yelp.com/biz/virginia-diner-wakefield-2
Golden Crown Restaurant Albuquerque New Mexico yelp,https://www.yelp.com/biz/golden-crown-panaderia-albuquerque
Sammy's Food Services & Deli New Orleans Louisiana yelp,https://www.yelp.com/biz/sammys-food-service-and-deli-new-orleans
Bub and Pop's Washington DC yelp,https://www.yelp.com/biz/bub-and-pops-washington
Farmer\xe4\xf3\xbbs Shed Lexington South Carolina yelp,No URL Found
Traffic Jam & Snug Detroit Michigan yelp,https://www.yelp.com/biz/traffic-jam-and-snug-detroit-3
Mo Gridder's BBQ Bronx New York yelp,https://www.yelp.com/biz/mogridders-bbq-bronx
Kenny & Ziggy\xe4\xf3\xbbs Houston Texas yelp,No URL Found
Taco Taco Cafe San Antonio Texas yelp,https://www.yelp.com/biz/taco-taco-cafe-san-antonio
J.J. McBrewster\xe4\xf3\xbbs Lexington Kentucky yelp,No URL Found
Panini Pete's Fairhope Alabama yelp,https://www.yelp.com/biz/panini-petes-fairhope
Tortugas' Lie Nags Head North Carolina yelp,https://www.yelp.com/biz/tortugas-lie-nags-head-2
Bless My Soul Eureka California yelp,https://www.yelp.com/biz/bless-my-soul-cafe-eureka
Greek Corner Restaurant Cambridge Massachusetts yelp,https://www.yelp.com/biz/greek-corner-restaurant-cambridge
Hightstown Diner Hightstown New Jersey yelp,https://www.yelp.com/biz/hightstown-diner-hightstown
Stockyards Smokehouse and Larder Toronto Ontario Canada yelp,https://www.tripadvisor.com/Restaurant_Review-g155019-d1544953-Reviews-The_Stockyards_Smokehouse_Larder-Toronto_Ontario.html
Sammy\xe4\xf3\xbbs Food Service & Deli New Orleans Louisiana yelp,No URL Found
Big Star Diner Bainbridge Island Washington yelp,https://www.yelp.com/biz/the-madison-diner-bainbridge-island
Super Duper Weenie Fairfield Connecticut yelp,https://www.yelp.com/biz/super-duper-weenie-fairfield
Athens Family Restaurant Nashville Tennessee yelp,https://www.yelp.com/biz/athens-family-restaurant-nashville
The Latin House Miami Florida yelp,https://www.yelp.com/biz/latin-house-grill-miami-3
Bro\xe4\xf3\xbbs Cajun Cuisine Nashville Tennessee yelp,No URL Found
Don Chow Tacos Los Angeles California yelp,https://www.yelp.com/biz/don-chow-tacos-los-angeles
Smoque Chicago Illinois yelp,https://www.yelp.com/biz/smoque-bbq-chicago
The Lobster Shanty Salem Massachusetts yelp,https://www.yelp.com/biz/the-lobster-shanty-salem
Skylark Diner Edison New Jersey yelp,https://www.yelp.com/biz/skylark-diner-edison
Johnny\xe4\xf3\xbbs Bar-B-Q Mission Kansas yelp,No URL Found
The Tamale Place Indianapolis Indiana yelp,https://www.yelp.com/biz/the-tamale-place-indianapolis
Pizza Palace Knoxville Tennessee yelp,https://www.yelp.com/biz/pizza-palace-knoxville
Texas Pride BBQ Adkins Texas yelp,https://www.yelp.com/biz/texas-pride-barbecue-adkins
55 South Franklin Tennessee yelp,https://www.yelp.com/biz/55-south-franklin
Golden Crown Panaderia Albuquerque New Mexico yelp,https://www.yelp.com/biz/golden-crown-panaderia-albuquerque
Tecolote Caf\xed\xa9 Santa Fe New Mexico yelp,https://www.yelp.com/biz/tecolote-cafe-santa-fe-3
Jamaica Gates Caribbean Cuisine Arlington Texas yelp,https://www.yelp.com/biz/jamaica-gates-caribbean-cuisine-arlington
Fuel Cantina Charleston South Carolina yelp,https://www.yelp.com/biz/fuel-charleston-2
Thee Pitts Again Silverton Colorado yelp,https://www.yelp.com/biz/thee-pitts-again-silverton
Miller's East Coast Deli San Francisco California yelp,https://www.yelp.com/biz/millers-east-coast-deli-san-francisco
Roberto's Mexican Food Phoenix Arizona yelp,https://www.yelp.com/biz/robertos-mexican-food-phoenix-2
Pretzel Cart Ferndale California yelp,https://www.yelp.com/biz/disneylands-pretzel-cart-anaheim
Joe Squared Pizza Baltimore Maryland yelp,https://www.yelp.com/biz/joe-squared-pizza-baltimore
Michigan Brewing Co. Webberville Michigan yelp,https://www.yelp.com/biz/michigan-brewing-company-webberville
Flakowitz of Boynton Boynton Beach Florida yelp,https://www.yelp.com/biz/flakowitz-of-boynton-boynton-beach
Picabu Neighborhood Bistro Spokane Washington yelp,https://www.yelp.com/biz/picabu-neighborhood-bistro-spokane
Lake Effect Diner Buffalo New York yelp,https://www.yelp.com/biz/lake-effect-diner-buffalo-2
Blackthorn Restaurant & Pub Buffalo New York yelp,https://www.yelp.com/biz/blackthorn-restaurant-and-pub-buffalo
Jamaicaway Nashville Tennessee yelp,https://www.yelp.com/biz/jamaicaway-restaurant-and-catering-nashville-2
Geechee Girl Rice Cafe Philadelphia Pennsylvania yelp,https://www.yelp.com/biz/geechee-girl-rice-cafe-philadelphia
Island Frydays Cincinnati Ohio yelp,https://www.yelp.com/biz/island-frydays-cincinnati
R&R Taqueria Elkridge Maryland yelp,https://www.yelp.com/biz/r-and-r-taqueria-elkridge-2
Smokey Valley Truck Stop Olive Hill Kentucky yelp,https://www.yelp.com/biz/smokey-valley-truck-stop-olive-hill
Captain Chuck A Mucks Rescue Virginia yelp,http://www.captainchuck-a-mucks.com/
Black Duck Caf\xed\xa9 Westport Connecticut yelp,No URL Found
Osaka Japanese Bistro Las Vegas Nevada yelp,https://www.yelp.com/biz/osaka-japanese-bistro-las-vegas
Swagger Fine Spirits & Food Kansas City Missouri yelp,https://www.yelp.com/biz/swagger-fine-spirits-and-food-kansas-city
Town Talk Diner Minneapolis Minnesota yelp,https://www.yelp.com/biz/town-talk-diner-and-gastropub-minneapolis
Tampa Bay Brewing Co. Tampa Florida yelp,https://www.yelp.com/biz/tampa-bay-brewing-company-tampa
Jimmy\xe4\xf3\xbbs Diner Brooklyn New York yelp,https://www.yelp.com/biz/jimmys-diner-brooklyn
The Blue Door Pub St. Paul Minnesota yelp,https://www.yelp.com/biz/the-blue-door-pub-minneapolis
Caf\xed\xa9 Pita+ Houston Texas yelp,https://www.yelp.com/biz/cafe-pita-houston
Crown Bar Tacoma Washington yelp,https://www.yelp.com/biz/crown-bar-tacoma
Little Tea Shop Memphis Tennessee yelp,https://www.yelp.com/biz/the-little-tea-shop-memphis
Geraci\xe4\xf3\xbbs Restaurant Cleveland Ohio yelp,No URL Found
Atomic Cowboy Denver Colorado yelp,https://www.yelp.com/biz/the-atomic-cowboy-denver-4
White Manna Hamburgers Hackensack New Jersey yelp,https://www.yelp.com/biz/white-manna-hackensack
Grinders Pizza Kansas City Missouri yelp,https://www.yelp.com/biz/grinders-kansas-city
Smalley's Caribbean Barbeque Stillwater Minnesota yelp,https://www.yelp.com/biz/smalleys-caribbean-barbeque-and-pirate-bar-stillwater
The Refuge San Carlos California yelp,https://www.yelp.com/biz/the-refuge-san-carlos
Louis Family Restaurant Providence Rhode Island yelp,https://www.yelp.com/biz/louis-family-restaurant-providence
Mas Tacos por Favor Nashville Tennessee yelp,https://www.yelp.com/biz/mas-tacos-nashville
Rigoletto Italian Bakery & Caf\xed\xa9 Virginia Beach Virginia yelp,https://www.yelp.com/biz/rigoletto-italian-bakery-virginia-beach
bopNgrill Chicago Illinois yelp,https://www.yelp.com/biz/bopngrill-chicago-3
Tupelo Cambridge Massachusetts yelp,https://www.yelp.com/biz/tupelo-cambridge-3
Edelweiss Sausage & Delicatessen Portland Oregon yelp,https://www.yelp.com/biz/edelweiss-sausage-co-and-delicatessen-portland
Clarkston Union Bar & Kitchen Clarkston Michigan yelp,https://www.yelp.com/biz/clarkston-union-bar-and-kitchen-clarkston
Santa Cruz Diner Santa Cruz California yelp,https://www.yelp.com/biz/santa-cruz-diner-santa-cruz
Bun \xe4\xf3\xd6N Barrel San Antonio Texas yelp,No URL Found
Pica\xe4\xf3\xbbs Mexican Taqueria Jackson Wyoming yelp,No URL Found
Sidecar Brooklyn New York yelp,https://www.yelp.com/biz/sidecar-brooklyn-3
Backroad Pizza Santa Fe New Mexico yelp,https://www.yelp.com/biz/back-road-pizza-santa-fe
Show Dogs San Francisco California yelp,https://www.yelp.com/biz/show-dogs-san-francisco
John Mull's Meats and Road Kill Grill Las Vegas Nevada yelp,https://www.yelp.com/biz/john-mulls-meats-and-road-kill-grill-las-vegas-2
Rosine\xe4\xf3\xbbs Restaurant Monterey California yelp,No URL Found
Jawaiian Irie Jerk Restaurant Honolulu Hawaii yelp,https://www.yelp.com/biz/jawaiian-irie-jerk-restaurant-honolulu
Piccini Wood Fired Brick Oven Pizza Ocean City NJ yelp,https://www.yelp.com/biz/piccini-wood-fired-brick-oven-pizza-ocean-city
Lone Star Taqueria Salt Lake City Utah yelp,https://www.yelp.com/biz/lone-star-taqueria-salt-lake-city-2
Lauer-Krauts Brighton Colorado yelp,https://www.yelp.com/biz/lauer-krauts-brighton
The Wild Thaiger Phoenix Arizona yelp,https://www.yelp.com/biz/wild-thaiger-phoenix
Studio Diner San Diego California yelp,https://www.yelp.com/biz/studio-diner-san-diego
The Highlander Atlanta Georgia yelp,https://www.yelp.com/biz/the-highlander-atlanta
Beach Pub Virginia Beach Virginia yelp,https://www.yelp.com/biz/beach-pub-virginia-beach
900 Grayson Restaurant Berkeley California yelp,https://www.yelp.com/biz/900-grayson-berkeley-2
Alewife Baltimore Baltimore Maryland yelp,https://www.yelp.com/biz/alewife-baltimore-baltimore
Bizzaro Caf\xed\xa9 Seattle Washington yelp,https://www.yelp.com/biz/bizzarro-italian-caf%25C3%25A9-seattle-2
Big & Littles Chicago Illinois yelp,https://www.yelp.com/biz/big-and-littles-restaurant-chicago-3
Daddypops Hatboro Pennsylvania yelp,https://www.yelp.com/biz/daddypops-hatboro
Duarte's Tavern Pescadero California yelp,https://www.yelp.com/biz/duartes-tavern-pescadero
North End Caf\xed\xa9 Manhattan Beach California yelp,https://www.yelp.com/biz/north-end-cafe-manhattan-beach-3
Pawley\xe4\xf3\xbbs Front Porch Columbia South Carolina yelp,No URL Found
The Creole Creamery New Orleans Louisiana yelp,https://www.yelp.com/biz/creole-creamery-new-orleans
Maria Empanada Denver Colorado yelp,https://www.yelp.com/biz/maria-empanada-greenwood-village
Tick Tock Diner Clifton New Jersey yelp,https://www.yelp.com/biz/tick-tock-diner-clifton
Joe's Farm Grill Gilbert Arizona yelp,https://www.yelp.com/biz/joes-farm-grill-gilbert
The Liberty Elm Diner Providence Rhode Island yelp,https://www.yelp.com/biz/the-liberty-elm-diner-providence-2
Dough Pizzeria Napoletana San Antonio Texas yelp,https://www.yelp.com/biz/dough-pizzeria-napoletana-san-antonio
Casper & Runyon's Nook St. Paul Minnesota yelp,https://www.yelp.com/biz/caspers-and-runyons-nook-saint-paul
Buttermilk Kitchen Atlanta Georgia yelp,https://www.yelp.com/biz/buttermilk-kitchen-atlanta
Pickle Jar Kitchen Falmouth Massachusetts yelp,https://www.yelp.com/biz/pickle-jar-kitchen-falmouth
Lotus Cafe Jackson Wyoming yelp,https://www.yelp.com/biz/lotus-jackson
The Cube Albuquerque New Mexico yelp,https://www.yelp.com/biz/the-cube-albuquerque
Mountain Shadows Restaurant Colorado Springs Colorado yelp,https://www.yelp.com/biz/mountain-shadows-restaurant-colorado-springs
Poke Stop at Mililana Mauka Llc. Mililani Hawaii yelp,https://www.yelp.com/biz/poke-stop-mililani
Folk Art Atlanta Georgia yelp,https://www.yelp.com/biz/folk-art-atlanta-2
Mi Patria Ecuadorian Restaurant West Des Moines Iowa yelp,https://www.yelp.com/biz/mi-patria-west-des-moines
Colossal Caf\xed\xa9 Minneapolis Minnesota yelp,https://www.yelp.com/biz/colossal-caf%25C3%25A9-minneapolis-2
Bocadillos Albuquerque New Mexico yelp,https://www.yelp.com/biz/bocadillos-slow-roasted-albuquerque
Paradise Pup Des Plaines Illinois yelp,https://www.yelp.com/biz/paradise-pup-des-plaines
13 Gypsies Jacksonville Florida yelp,https://www.yelp.com/biz/13-gypsies-jacksonville-2
Louie Mueller's Barbecue Taylor Texas yelp,https://www.yelp.com/biz/louie-mueller-barbecue-taylor
Leonard's BBQ Memphis Tennessee yelp,https://www.yelp.com/biz/leonards-pit-barbecue-memphis
Standard Diner Albuquerque New Mexico yelp,https://www.yelp.com/biz/standard-diner-albuquerque
Windows On The World (Ristorante WOW) Montecatini Terme Italy yelp,https://www.yelp.com/biz/ristorante-w-o-w-montecatini-terme
White Palace Grill Chicago Illinois yelp,https://www.yelp.com/biz/white-palace-grill-chicago
Sweetie Pie\xe4\xf3\xbbs St. Louis Missouri yelp,No URL Found
Dottie\xe4\xf3\xbbs True Blue Caf\xed\xa9 San Francisco California yelp,No URL Found
Mike's Chili Parlor Seattle Washington yelp,https://www.yelp.com/biz/mikes-chili-parlor-seattle
Sammy\xe4\xf3\xbbs Bistro Park City Utah yelp,No URL Found
Tortilleria Nixtamal Queens New York yelp,https://www.yelp.com/biz/tortilleria-nixtamal-corona-4
The Coffee Cup Boulder City Nevada yelp,https://www.yelp.com/biz/the-coffee-cup-boulder-city
Eveready Diner Hyde Park New York yelp,https://www.yelp.com/biz/eveready-diner-hyde-park
Jethros Fine Grub Vancouver British Columbia yelp,https://www.yelp.com/biz/jethros-fine-grub-vancouver
Fratelli Briganti Firenze Italy yelp,https://www.yelp.com/biz/fratelli-briganti-firenze
Joey K's Restaurant & Bar New Orleans Louisiana yelp,https://www.yelp.com/biz/joey-ks-restaurant-and-bar-new-orleans
Silk City Diner Philadelphia Pennsylvania yelp,https://www.yelp.com/biz/silk-city-diner-and-lounge-philadelphia
Italian Express Pizzeria East Boston Massachusetts yelp,http://www.italianexpresspizzeria.com/
Blunch Boston Massachusetts yelp,https://www.yelp.com/biz/blunch-boston
The Depot American Diner Chicago Illinois yelp,https://www.yelp.com/biz/depot-diner-chicago-2
Gordy\xe4\xf3\xbbs Hi-Hat Cloquet Minnesota yelp,No URL Found
Mom\xe4\xf3\xbbs Tamales Los Angeles California yelp,No URL Found
Spice Island Grill Colorado Springs Colorado yelp,https://www.yelp.com/biz/spice-island-grill-colorado-springs
The General Store Silver Spring Maryland yelp,https://www.yelp.com/biz/the-general-store-silver-spring
Marla's Caribbean Cuisine Minneapolis Minnesota yelp,https://www.yelp.com/biz/marlas-caribbean-cuisine-minneapolis-2
Mustache Bill's Barnegat Light New Jersey yelp,https://www.yelp.com/biz/mustache-bills-diner-barnegat-light
The Shanty Wadsworth Illinois yelp,https://www.yelp.com/biz/the-shanty-wadsworth
Bubba\xe4\xf3\xbbs Diner San Anselmo California yelp,No URL Found
Mike's City Diner Boston Massachusetts yelp,https://www.yelp.com/biz/mikes-city-diner-boston
Lankford Grocery Houston Texas yelp,https://www.yelp.com/biz/lankford-grocery-houston
Cecilia\xe4\xf3\xbbs Caf\xed\xa9 Albuquerque New Mexico yelp,No URL Found
Germaine\xe4\xf3\xbbs Luau Kapolei Hawaii yelp,No URL Found
Jamaican Jerk Hut Philadelphia Pennsylvania yelp,https://www.yelp.com/biz/jamaican-jerk-hut-philadelphia
Highway Inn & Ho\xe4\xf3\xbbokipa Catering Waipahu Hawaii yelp,No URL Found
The Ace Toronto Ontario Canada yelp,https://www.yelp.com/biz/the-ace-toronto
Trina's Starlite Lounge Somerville Massachusetts yelp,https://www.yelp.com/biz/trinas-starlite-lounge-somerville-2
Tortilla Caf\xed\xa9 Washington D.C. yelp,https://www.yelp.com/biz/tortilla-cafe-washington
Byways Caf\xed\xa9 Portland Oregon yelp,https://www.yelp.com/biz/byways-cafe-portland
Crazy Burger Cafe & Juice Bar Narragansett Rhode Island yelp,https://www.yelp.com/biz/crazy-burger-cafe-and-juice-bar-narragansett
Flakowitz of Boynton Bakery & Deli Restaurant Boynton Beach Florida yelp,https://www.yelp.com/biz/flakowitz-of-boynton-boynton-beach
Paul\xe4\xf3\xbbs Coffee Shop Fountain Valley California yelp,No URL Found
Fred\xe4\xf3\xbbs Texas Caf\xed\xa9 Fort Worth Texas yelp,No URL Found
Red Arrow Diner Manchester New Hampshire yelp,https://www.yelp.com/biz/the-red-arrow-diner-manchester-2
Spirito\xe4\xf3\xbbs Italian Diner Carlsbad California yelp,No URL Found
Front Range Barbeque Colorado Springs Colorado yelp,https://www.yelp.com/biz/front-range-barbeque-colorado-springs
Koja Kitchen Food Truck San Francisco California yelp,https://www.yelp.com/biz/koja-kitchen-san-francisco-7
Tomahawk Restaurant North Vancouver British Columbia yelp,https://www.yelp.com/biz/tomahawk-barbeque-north-vancouver
T-Bone Tom\xe4\xf3\xbbs Steakhouse Kemah Texas yelp,No URL Found
Boulevard Diner Dundalk Colorado yelp,https://www.yelp.com/biz/boulevard-diner-dundalk
Nora\xe4\xf3\xbbs Fish Creek Inn Wilson Wyoming yelp,No URL Found
Darwell's Caf\xed\xa9 Long Beach Mississippi yelp,No URL Found
The Cove San Antonio Texas yelp,https://www.yelp.com/biz/the-cove-san-antonio
Falafel's Drive-In San Jose California yelp,https://www.yelp.com/biz/falafels-drive-in-san-jose
The Redhead Manhattan New York yelp,https://www.yelp.com/biz/the-redhead-new-york
Surrey's Cafe New Orleans Louisiana yelp,https://www.yelp.com/biz/surreys-caf%25C3%25A9-and-juice-bar-new-orleans-2
Loulou\xe4\xf3\xbbs Griddle In The Middle Monterey California yelp,No URL Found
Eastside Market Italian Deli Los Angeles California yelp,https://www.yelp.com/biz/eastside-market-italian-deli-los-angeles-4
Beer Belly Los Angeles California yelp,https://www.yelp.com/biz/beer-belly-los-angeles-2
Swallow at the Hollow Baltimore Maryland yelp,https://www.yelp.com/biz/swallow-at-the-hollow-baltimore
Southern Soul Barbeque St. Simons Island Georgia yelp,https://www.yelp.com/biz/southern-soul-barbeque-saint-simons-island-2
Bocadillas: Slow Roasted Sandwich Shop Albuquerque New Mexico yelp,https://www.yelp.com/biz/bocadillos-slow-roasted-albuquerque
Torinos Albuquerque New Mexico yelp,https://www.yelp.com/biz/torinos-home-albuquerque
Hopleaf Bar Chicago Illinois yelp,https://www.yelp.com/biz/hopleaf-chicago
Union Wood Shop Clarkston Michigan yelp,https://www.yelp.com/biz/union-woodshop-clarkston
George\xe4\xf3\xbbs Place Cape May New Jersey yelp,No URL Found
OB Noodle House Ocean Beach California yelp,https://www.yelp.com/biz/ob-noodle-house-san-diego
Mama E's Oklahoma City yelp,https://www.yelp.com/biz/mama-es-wings-and-waffles-oklahoma-city
Southern Kitchen Restaurant Tacoma Washington yelp,https://www.yelp.com/biz/southern-kitchen-tacoma
Leaping Lizards Caf\xed\xa9 Virginia Beach Virginia yelp,No URL Found
Tee Off Bar & Grill San Francisco California yelp,https://www.yelp.com/biz/tee-off-bar-and-grill-san-francisco
Jay Bee's Bar-B-Que Gardena California yelp,https://www.yelp.com/biz/jay-bees-bar-b-q-gardena-3
Duluth Grill Duluth Minnesota yelp,https://www.yelp.com/biz/duluth-grill-duluth
Oh Mai Holladay Utah yelp,https://www.yelp.com/biz/oh-mai-salt-lake-city-2
Dish Caf\xed\xa9 & Catering Reno Nevada yelp,https://www.yelp.com/biz/dish-cafe-and-catering-reno
Becky\xe4\xf3\xbbs Diner Portland Maine yelp,No URL Found
3 Sisters Caf\xed\xa9 Indianapolis Indiana yelp,https://www.yelp.com/biz/3-sisters-caf%25C3%25A9-indianapolis-2
Nadine\xe4\xf3\xbbs Restaurant Pittsburgh Pennsylvania yelp,https://www.yelp.com/search%3Fcflt%3Drestaurants%26find_loc%3DShadyside%252C%2BPittsburgh%252C%2BPA
Magnolia Pancake Haus San Antonio Texas yelp,https://www.yelp.com/biz/the-magnolia-pancake-haus-san-antonio
Fresh Local Wild Vancouver British Columbia yelp,https://www.yelp.ca/biz/fresh-local-wild-vancouver-2
Whisk Gourmet Miami Florida yelp,https://www.yelp.com/biz/whisk-gourmet-food-and-catering-miami-2
The Blue-Eyed Crab Caribbean Grill & Rum Bar Plymouth Massachusetts yelp,https://www.yelp.com/biz/blue-eyed-crab-caribbean-grill-and-rum-bar-plymouth
Maui\xe4\xf3\xbbs Dog House Wildwood New Jersey yelp,No URL Found
Angela's Cafe East Boston Massachusetts yelp,https://www.yelp.com/biz/angelas-cafe-boston-4
Andale Taqueria & Mercado Richfield Minnesota yelp,https://www.yelp.com/biz/andale-taqueria-y-mercado-richfield
Caf\xed\xa9 on the Route Baxter Springs Kansas yelp,No URL Found
Southside Soda Shop and Diner Goshen Indiana yelp,https://www.yelp.com/biz/south-side-soda-shop-goshen-2
Dana's Kitchen Falmouth Massachusetts yelp,https://www.yelp.com/biz/danas-kitchen-falmouth
Aunt Mary\xe4\xf3\xbbs Caf\xed\xa9 Oakland California yelp,No URL Found
Ferndale Meat Co. Ferndale California yelp,https://www.yelp.com/biz/ferndale-meat-ferndale
Taste of Peru Chicago Illinois yelp,https://www.yelp.com/biz/taste-of-peru-chicago-3
Fisherman\xe4\xf3\xbbs Market Eugene Oregon yelp,No URL Found
Good Dog Bar & Restaurant Philadelphia Pennsylvania yelp,https://www.yelp.com/biz/good-dog-bar-philadelphia
Rudy\xe4\xf3\xbbs Can\xe4\xf3\xbbt Fail Cafe Emeryville California yelp,No URL Found
Benny's Seafood Restaurant South Miami Florida yelp,https://www.yelp.com/biz/bennys-seafood-restaurant-miami-3
Defonte's Sandwich Shop Brooklyn New York yelp,https://www.yelp.com/biz/defontes-brooklyn
YJ's Snack Bar Kansas City Missouri yelp,https://www.yelp.com/biz/yjs-snack-bar-kansas-city
Big Daddy's BBQ & Banquet Fairbanks Alaska yelp,https://www.yelp.com/biz/big-daddys-barb-q-fairbanks
Rino\xe4\xf3\xbbs Place East Boston Massachusetts yelp,No URL Found
La Texanita Santa Rosa California yelp,https://www.yelp.com/biz/la-texanita-santa-rosa-2
Nadine's Restaurant Pittsburgh Pennsylvania yelp,https://www.yelp.com/biz/nadines-pittsburgh
The Sparrow Tavern Queens New York yelp,https://www.yelp.com/biz/the-sparrow-tavern-astoria
Salty\xe4\xf3\xbbs BBQ & Catering Bakersfield California yelp,https://www.yelp.com/biz/saltys-bbq-and-catering-bakersfield
La Camoronera Restaurant & Fish Market Miami Florida yelp,https://www.yelp.com/biz/la-camaronera-seafood-joint-and-fish-market-miami-2
Maple & Motor Dallas Texas yelp,https://www.yelp.com/biz/maple-and-motor-dallas
Cempazuchi Milwaukee Wisconsin yelp,https://www.yelp.com/biz/cempazuchi-milwaukee
Naglee Park Garage San Jose California yelp,https://www.yelp.com/biz/naglee-park-garage-san-jose
Sonny\xe4\xf3\xbbs Famous Steak Hogies Hollywood Florida yelp,No URL Found
Frank's Diner Kenosha Wisconsin yelp,https://www.yelp.com/biz/franks-diner-kenosha
Tune In Restaurant Washington D.C. yelp,https://www.yelp.com/biz/tune-inn-washington
Jambo Cafe Santa Fe New Mexico yelp,https://www.yelp.com/biz/jambo-cafe-santa-fe
Center Point Pit Barbecue Hendersonville Tennessee yelp,https://www.yelp.com/biz/center-point-barbecue-hendersonville
Bakersfield OTR Cincinnati Ohio yelp,https://www.yelp.com/biz/bakersfield-otr-cincinnati-2
Psycho Suzie's Motor Lounge Minneapolis Minnesota yelp,https://www.yelp.com/biz/psycho-suzis-motor-lounge-minneapolis-2
Northern Waters Smokehaus Duluth Minnesota yelp,https://www.yelp.com/biz/northern-waters-smokehaus-duluth
Luke's Inside Out Austin Texas yelp,https://www.yelp.com/biz/lukes-inside-out-austin
Cannery Row Brewing Company Monterey California yelp,https://www.yelp.com/biz/cannery-row-brewing-company-monterey
Louis\xe4\xf3\xbb Basque Corner Reno Nevada yelp,No URL Found
Porthole Restaurant Portland Maine yelp,https://www.yelp.com/biz/the-porthole-restaurant-and-pub-portland
Zydeco\xe4\xf3\xbbs Mooresville Indiana yelp,No URL Found
Joy Cafe Atlanta Georgia yelp,https://www.yelp.com/biz/joy-cafe-atlanta
Gatsby\xe4\xf3\xbbs Diner Sacramento California yelp,No URL Found
Brewburger's Omaha Nebraska yelp,https://www.yelp.com/biz/brewburgers-omaha-3
Back Street Bistro Santa Fe New Mexico yelp,https://www.yelp.com/biz/back-street-bistro-santa-fe
The Country Cat Portland Oregon yelp,https://www.yelp.com/biz/the-country-cat-dinnerhouse-and-bar-portland
California Tacos To Go Tampa Florida yelp,https://www.yelp.com/biz/california-tacos-to-go-tampa-5
Afrah Richardson Texas yelp,https://www.yelp.com/biz/afrah-restaurant-richardson-2
Woodyard Bar-B-Que Kansas City Kansas yelp,https://www.yelp.com/biz/woodyard-bar-b-que-kansas-city-3
Terry\xe4\xf3\xbbs Turf Club Cincinnati Ohio yelp,No URL Found
Black Tree Manhattan New York yelp,https://www.yelp.com/biz/black-tree-new-york
The Golden State Los Angeles California yelp,https://www.yelp.com/biz/the-golden-state-los-angeles
Angelo's Civito Farnese Providence Rhode Island yelp,https://www.yelp.com/biz/angelos-civita-farnese-providence
Beacon Drive-In Spartanburg South Carolina yelp,https://www.yelp.com/biz/the-beacon-drive-in-spartanburg
Moo Creamery Bakersfield California yelp,https://www.yelp.com/biz/moo-creamery-bakersfield
Foolish Craig\xe4\xf3\xbbs Caf\xed\xa9 Boulder Colorado yelp,No URL Found
La Isla Restaurant Hoboken New Jersey yelp,https://www.yelp.com/biz/la-isla-restaurant-hoboken
Ben\xe4\xf3\xbbs Best Deli Queens New York yelp,No URL Found
Queen\xe4\xf3\xbbs Comfort Queens New York yelp,No URL Found
The General Muir Atlanta Georgia yelp,https://www.yelp.com/biz/the-general-muir-atlanta
Mustache Bill\xe4\xf3\xbbs Barnegat Light New Jersey yelp,No URL Found
Sol Food Puerto Rican Cuisine San Rafael California yelp,https://www.yelp.com/biz/sol-food-san-rafael-3
Barbecue King Drive-In Charlotte North Carolina yelp,https://www.yelp.com/biz/bar-b-q-king-charlotte
The Federal Miami Florida yelp,https://www.yelp.com/biz/the-fed-food-drink-miami-3
Anthony's Seafood Middletown Rhode Island yelp,https://www.yelp.com/biz/anthonys-seafood-restaurant-middletown
Hey Meatball Toronto Ontario Canada yelp,https://www.yelp.com/biz/hey-meatball-toronto
Rosedale Diner Toronto Ontario Canada yelp,https://www.yelp.com/biz/rosedale-diner-toronto
PotPie Kansas City Missouri yelp,https://www.yelp.com/biz/potpie-kansas-city
Fish Tale Brew Pub Olympia Washington yelp,https://www.yelp.com/biz/fish-tale-brewpub-olympia
Camille's on Wheels Kailua Hawaii yelp,https://www.yelp.com/biz/camilles-on-wheels-kailua
Honey\xe4\xf3\xbbs Sit-N-Eat Philadelphia Pennsylvania yelp,No URL Found
Dirty Oscar's Annex Tacoma Washington yelp,https://www.yelp.com/biz/dirty-oscars-annex-tacoma
The Wienery Minneapolis Minnesota yelp,https://www.yelp.com/biz/the-wienery-minneapolis
PDX671 Food Trailer Portland Oregon yelp,https://www.yelp.com/biz/pdx-six-seven-one-portland
Q Restaurant San Francisco California yelp,https://www.yelp.com/biz/q-restaurant-and-wine-bar-san-francisco
Joe Tess Place Omaha Nebraska yelp,https://www.yelp.com/biz/joe-tess-place-omaha
JT Farnham's Seafood & Grill Essex Massachusetts yelp,https://www.yelp.com/biz/jt-farnhams-essex-2
Pizzeria Luigi San Diego California yelp,https://www.yelp.com/biz/pizzeria-luigi-san-diego
Crazy Burger Caf\xed\xa9 & Juice Bar Narragansett Rhode Island yelp,https://www.yelp.com/biz/crazy-burger-cafe-and-juice-bar-narragansett
Maine Diner Wells Maine yelp,https://www.yelp.com/biz/maine-diner-wells-2
Dari-ette Drive-In St. Paul Minnesota yelp,https://www.yelp.com/biz/dari-ette-drive-in-saint-paul-3
Harold's Caf\xed\xa9 Gaffney South Carolina yelp,https://www.yelp.com/biz/harolds-restaurant-gaffney
Squeeze Inn Sacramento California yelp,https://www.yelp.com/biz/squeeze-inn-sacramento
Earl\xe4\xf3\xbbs Drive-In Chaffee New York yelp,No URL Found
Uncle Lou's Memphis Tennessee yelp,https://www.yelp.com/biz/uncle-lous-fried-chicken-memphis
Boot\xe4\xf3\xbbs and Kimo\xe4\xf3\xbbs Homestyle Kitchen Kailua Hawaii yelp,No URL Found
Islamorada Shrimp Shack Islamorada Florida yelp,https://www.yelp.com/biz/islamorada-shrimp-shack-islamorada-2
Ivanhoe Ferndale California yelp,https://www.yelp.com/biz/hotel-ivanhoe-ferndale
Q Fanatic BBQ Champlin Minnesota yelp,https://www.yelp.com/biz/q-fanatic-champlin
Pagoda Restaurant North Pole Alaska yelp,https://www.yelp.com/biz/pagoda-restaurant-north-pole
Caf\xed\xa9 Rolle Sacramento California yelp,No URL Found
El Bohio San Antonio Texas yelp,https://www.yelp.com/biz/el-bohio-san-antonio-2
Paradise Valley Burger Company Phoenix Arizona yelp,https://www.yelp.com/biz/paradise-valley-burger-company-phoenix-3
Niko Niko\xe4\xf3\xbbs Houston Texas yelp,No URL Found
Grilled Cheese & Crab Cake Co. Somers Point New Jersey yelp,https://www.yelp.com/biz/the-grilled-cheese-and-crab-cake-somers-point-2
Parasol's Restaurant & Bar New Orleans Louisiana yelp,https://www.yelp.com/biz/parasols-bar-and-restaurant-new-orleans
Chaps Coffee Co. Spokane Washington yelp,https://www.yelp.com/biz/chaps-coffee-spokane
x,http://www.xtheband.com/
Chef Lou's Westside Drive-In Boise Idaho yelp,https://www.yelp.com/biz/westside-drive-in-boise-2
Gumbo Shack Fairhope Alabama yelp,https://www.yelp.com/biz/the-gumbo-shack-fairhope
Katie\xe4\xf3\xbbs Restaurant New Orleans Louisiana yelp,https://www.yelp.com/biz/katies-restaurant-and-bar-new-orleans
Pot Pie Kansas City Missouri yelp,https://www.yelp.com/biz/potpie-kansas-city
Nopalito San Francisco California yelp,https://www.yelp.com/biz/nopalito-san-francisco
DAE GEE Korean BBQ Denver Colorado yelp,https://www.yelp.com/biz/dae-gee-korean-bbq-denver-4
UNLV Las Vegas Nevada yelp,https://www.yelp.com/biz/university-of-nevada-las-vegas-las-vegas-8
Falconetti's Vancouver British Columbia yelp,https://www.yelp.ca/biz/falconettis-east-side-grill-vancouver
The Nook St. Paul Minnesota yelp,https://www.yelp.com/biz/caspers-and-runyons-nook-saint-paul
Succotash Kansas City Missouri yelp,https://www.yelp.com/biz/succotash-kansas-city
Bette\xe4\xf3\xbbs Oceanview Diner Berkeley California yelp,No URL Found
Taste of Belgium Cincinnati Ohio yelp,https://www.yelp.com/biz/taste-of-belgium-cincinnati-10
St. Francis Phoenix Arizona yelp,https://www.yelp.com/biz/st-francis-restaurant-phoenix
Otto\xe4\xf3\xbbs Sausage Portland Oregon yelp,https://www.yelp.com/biz/ottos-sausage-kitchen-and-meat-market-portland
KC Steakhouse Bakersfield California yelp,https://www.yelp.com/biz/kc-steakhouse-bakersfield-3
Lucky\xe4\xf3\xbbs Caf\xed\xa9 Cleveland Ohio yelp,No URL Found
Cabbage Town Market Atlanta Georgia yelp,https://www.yelp.com/biz/cabbagetown-market-atlanta
Parkette Drive In Lexington Kentucky yelp,https://www.yelp.com/biz/parkette-drive-in-lexington
Grillstock London UK yelp,https://www.yelp.com/biz/grillstock-smokehouse-bristol
Caffe Nonna Nashville Tennessee yelp,https://www.yelp.com/biz/caff%25C3%25A9-nonna-nashville-2
Colonnade Atlanta Georgia yelp,https://www.yelp.com/biz/colonnade-restaurant-atlanta
Brick & Fire Eureka California yelp,https://www.yelp.com/biz/brick-and-fire-bistro-eureka
Over Easy Phoenix Arizona yelp,https://www.yelp.com/biz/over-easy-phoenix
Chilam Balam Chicago Illinois yelp,https://www.yelp.com/biz/chilam-balam-chicago-2
Digiorgio's Cafe Largo Key Largo Florida yelp,https://www.yelp.com/biz/digiorgios-cafe-largo-key-largo-3
At Last Caf\xed\xa9 Long Beach California yelp,http://www.ocweekly.com/best-of/2008/food-and-drink/best-meatloaf-6435651
Frank's Noodle House Portland Oregon yelp,https://www.yelp.com/biz/franks-noodle-house-portland
DJ's Clam Shack Key West Florida yelp,https://www.yelp.com/biz/djs-clam-shack-key-west
RJ\xe4\xf3\xbbs Bob-Be-Que Shack Mission Kansas yelp,No URL Found
Anthonino's Taverna St. Louis Missouri yelp,https://www.yelp.com/biz/anthoninos-taverna-saint-louis
The Shed Ocean Springs Mississippi yelp,https://www.yelp.com/biz/the-shed-bbq-and-blues-joint-ocean-springs-7
Blue Moon Caf\xed\xa9 Baltimore Maryland yelp,https://www.yelp.com/biz/blue-moon-cafe-baltimore
Matt's Big Breakfast Phoenix Arizona yelp,https://www.yelp.com/biz/matts-big-breakfast-phoenix-2
Smokin\xe4\xf3\xbb Guns BBQ North Kansas City Missouri yelp,https://www.yelp.com/biz/smokin-guns-bbq-and-catering-north-kansas-city
Lola's - A Louisiana Kitchen Las Vegas Nevada yelp,https://www.yelp.com/biz/lolas-a-louisiana-kitchen-las-vegas-3
California Tacos Omaha Nebraska yelp,https://www.yelp.com/biz/california-tacos-and-more-omaha
Jamie\xe4\xf3\xbbs Bar & Grill Sacramento California yelp,https://www.yelp.com/biz/jamies-broadway-grille-sacramento
Memphis Street Cafe Hernando Mississippi yelp,https://www.yelp.com/biz/underground-cafe-hernando
Danny's All-American Diner & Dairy Bar Tampa Florida yelp,https://www.yelp.com/biz/dannys-all-american-diner-and-dairy-bar-tampa-2
North Bound Smokehouse and Brewpub Minneapolis Minnesota yelp,https://www.yelp.com/biz/northbound-smokehouse-and-brewpub-minneapolis-2
Georgia Greek Restaurant & Deli Seattle Washington yelp,https://www.yelp.com/biz/georgias-greek-restaurant-and-deli-seattle
Big Wave Shrimp Truck Haleiwa Hawaii yelp,https://www.yelp.com/biz/big-wave-shrimp-haleiwa
Pecan Lodge Dallas Texas yelp,https://www.yelp.com/biz/pecan-lodge-dallas-3
Cupini's Kansas City Missouri yelp,https://www.yelp.com/biz/cupinis-kansas-city
Rick & Ann\xe4\xf3\xbbs Restaurant Berkeley California yelp,https://www.yelp.com/biz/rick-and-anns-berkeley-2
Dressel's Public House St. Louis Missouri yelp,https://www.yelp.com/biz/dressels-public-house-saint-louis-2
Rasta Pasta Colorado Springs Colorado yelp,https://www.yelp.com/biz/rasta-pasta-colorado-springs
Il Gusta Pizza Firenze Italy yelp,https://www.yelp.com/biz/gusta-pizza-firenze
Citrus Breakfast & Lunch Virginia Beach Virginia yelp,https://www.yelp.com/biz/citrus-virginia-beach
Saus Boston Massachusetts yelp,https://www.yelp.com/biz/saus-boston
Marie's Italian Specialties Chatham New Jersey yelp,https://www.yelp.com/biz/maries-italian-specialties-chatham
Whitner's Barbeque Virginia Beach Virginia yelp,https://www.yelp.com/biz/whitners-barbecue-virginia-beach
Pak\xe4\xf3\xbbs Green Corner Duluth Minnesota yelp,No URL Found
Carving Room Washington DC yelp,https://www.yelp.com/biz/carving-room-washington
Brandy\xe4\xf3\xbbs Restaurant & Bakery Flagstaff Arizona yelp,No URL Found
Miss Shirley's Cafe Baltimore Maryland yelp,https://www.yelp.com/biz/miss-shirleys-cafe-baltimore-9
Cane Rosso Dallas Texas yelp,https://www.yelp.com/biz/cane-rosso-dallas
Rincon Criollo Queens New York yelp,https://www.yelp.com/biz/rincon-criollo-corona
Mama Roomba Bakersfield California yelp,https://www.yelp.com/biz/mama-roomba-bakersfield
Sam\xe4\xf3\xbbs No. 3 Denver Colorado yelp,No URL Found
Slainte Irish Pub and Restaurant Baltimore Maryland yelp,https://www.yelp.com/biz/sl%25C3%25A1inte-irish-pub-and-restaurant-baltimore-2
Blue Plate Diner Salt Lake City Utah yelp,https://www.yelp.com/biz/blue-plate-diner-salt-lake-city
A1 Diner Gardiner Maine yelp,https://www.yelp.com/biz/a1-diner-gardiner
Aldo\xe4\xf3\xbbs Harbor Restaurant Santa Cruz California yelp,No URL Found
Tin Shed Garden Cafe Portland Oregon yelp,https://www.yelp.com/biz/tin-shed-portland
Perk Eatery Scottsdale Arizona yelp,https://www.yelp.com/biz/perk-eatery-scottsdale
Happy Gillis Caf\xed\xa9 & Hangout Kansas City Missouri yelp,No URL Found
Jake\xe4\xf3\xbbs Good Eats Charlotte North Carolina yelp,No URL Found
Beto\xe4\xf3\xbbs Comida Latina San Antonio Texas yelp,No URL Found
Cozy Corner Memphis Tennessee yelp,https://www.yelp.com/biz/cozy-corner-restaurant-memphis-2
Jimmy\xe4\xf3\xbbs Down the Street Coeur d\xe4\xf3\xbbAlene Idaho yelp,No URL Found
Pizzeria Lola Minneapolis Minnesota yelp,https://www.yelp.com/biz/pizzeria-lola-minneapolis
Ted Peters Famous Smoked Fish South Pasadena Florida yelp,https://www.yelp.com/biz/ted-peters-famous-smoked-fish-south-pasadena
Pho Lang Thang Cincinnati Ohio yelp,https://www.yelp.com/biz/pho-lang-thang-cincinnati
United Noodles Minneapolis Minnesota yelp,https://www.yelp.com/biz/united-noodles-minneapolis
G&A Restaurant Baltimore Maryland yelp,https://www.yelp.com/biz/g-and-a-restaurant-baltimore
Eischen\xe4\xf3\xbbs Bar Okarche Oklahoma yelp,No URL Found
Vagabond Kitchen & Tap House Atlantic City New Jersey yelp,https://www.yelp.com/biz/vagabond-kitchen-and-tap-house-atlantic-city
Hodad's Ocean Beach California yelp,https://www.yelp.com/biz/hodads-san-diego
He'eia Kea Pier General Store and Deli Kaneohe Hawaii yelp,https://www.yelp.com/biz/heeia-kea-pier-general-store-and-deli-kaneohe-3
Little Napoli Carmel California yelp,https://www.yelp.com/biz/little-napoli-carmel-2
Meat & Bread Vancouver British Columbia yelp,https://www.yelp.com/biz/meat-and-bread-vancouver
Casamento's Restaurant New Orleans Louisiana yelp,https://www.yelp.com/biz/casamentos-restaurant-new-orleans
Mulberry Caf\xed\xa9 Lackawanna New York yelp,https://www.yelp.com/biz/mulberry-italian-ristorante-lackawanna
The Original Vito & Nick\xe4\xf3\xbbs Pizzeria Chicago Illinois yelp,No URL Found
Tacopocalypse Des Moines Iowa yelp,https://www.yelp.com/biz/tacopocalypse-des-moines
Toki Underground Washington DC yelp,https://www.yelp.com/biz/toki-underground-washington
The Rock Caf\xed\xa9 Stroud Oklahoma yelp,https://www.yelp.com/biz/rock-cafe-stroud
Flip Flops Grill & Chill Virginia Beach Virginia yelp,https://www.yelp.com/biz/flip-flops-grill-chill-virginia-beach
Deep Ellum Allston Massachusetts yelp,https://www.yelp.com/biz/deep-ellum-allston
Rex Italian Foods Norridge Illinois yelp,https://www.yelp.com/biz/rex-italian-foods-norridge
Caf\xed\xa9 Rakka Hendersonville Tennessee yelp,No URL Found
Mr. Bartley\xe4\xf3\xbbs Gourmet Burgers Cambridge Massachusetts yelp,No URL Found
Comet Cafe Milwaukee Wisconsin yelp,https://www.yelp.com/biz/comet-caf%25C3%25A9-milwaukee-2
Giusti\xe4\xf3\xbbs Walnut Grove California yelp,No URL Found
Cafe Polonia Boston Massachusetts yelp,https://www.yelp.com/biz/cafe-polonia-boston
Garifuna Flava Chicago Illinois yelp,https://www.yelp.com/biz/garifuna-flava-chicago
Hackney's Glenview Illinois yelp,https://www.yelp.com/biz/hackneys-on-harms-glenview-2
Haggo's Organic Taco Leucadia California yelp,https://www.yelp.com/biz/haggos-organic-taco-leucadia
Sweet Home Waimanalo Waimanalo Hawaii yelp,https://www.yelp.com/biz/sweet-home-waimanalo-cafe-market-waimanalo-3
Shirley\xe4\xf3\xbbs Tippy Canoe Troutdale Oregon yelp,No URL Found
Schellville Grille Sonoma California yelp,https://www.yelp.com/biz/schellville-grill-sonoma-2
Kelsey & Kim\xe4\xf3\xbbs Southern Cafe Atlantic City New Jersey yelp,https://www.yelp.com/biz/kelsey-and-kims-southern-cafe-atlantic-city
Caplansky's Toronto Ontario Canada yelp,https://www.yelp.com/biz/caplanskys-delicatessen-toronto
Casino El Camino Austin Texas yelp,https://www.yelp.com/biz/casino-el-camino-austin
Edgewood Cafe Cranston Rhode Island yelp,https://www.yelp.com/biz/edgewood-cafe-cranston
Mac's Fish & Chip Shop Santa Barbara California yelp,https://www.yelp.com/biz/macs-fish-and-chip-shop-santa-barbara
North End Caffe Manhattan Beach California yelp,https://www.yelp.com/biz/north-end-cafe-manhattan-beach-3
Pam\xe4\xf3\xbbs Kitchen Seattle Washington yelp,https://www.yelp.com/biz/pams-kitchen-seattle-4
Factory Gastrobar Long Beach California yelp,https://www.yelp.com/biz/the-factory-long-beach-3
The Diner Norman Oklahoma yelp,https://www.yelp.com/biz/the-diner-norman
Morin\xe4\xf3\xbbs Hometown Bar & Grill Attleboro Massachusetts yelp,No URL Found
Landmark Restaurant Charlotte North Carolina yelp,https://www.yelp.com/biz/landmark-diner-restaurant-charlotte
Eischen\xe4\xf3\xbbs Bar & Grill Okarche Oklahoma yelp,No URL Found
Joey K\xe4\xf3\xbbs Restaurant & Bar New Orleans Louisiana yelp,https://www.yelp.com/biz/joey-ks-restaurant-and-bar-new-orleans
Davis' Pub Annapolis Maryland yelp,https://www.yelp.com/biz/davis-pub-annapolis
Chef Lou\xe4\xf3\xbbs Westside Drive-In Boise Idaho yelp,No URL Found
Bun-Ker Vietnamese Queens New York yelp,https://www.yelp.com/biz/bunker-brooklyn
Nico\xe4\xf3\xbbs Pier 38 Honolulu Hawaii yelp,https://www.yelp.com/biz/nicos-pier-38-honolulu-2
Highway 61 Roadhouse and Kitchen Webster Groves Missouri yelp,https://www.yelp.com/biz/hwy-61-roadhouse-and-kitchen-saint-louis
Ingrid\xe4\xf3\xbbs Kitchen Oklahoma City Oklahoma yelp,No URL Found
Parvicini's Italian Bistro Colorado Springs Colorado yelp,https://www.yelp.com/biz/paravicinis-italian-bistro-colorado-springs
Harry\xe4\xf3\xbbs Roadhouse Santa Fe New Mexico yelp,No URL Found
Gold 'N Silver Inn Reno Nevada yelp,https://www.yelp.com/biz/gold-n-silver-inn-reno
The Shaved Duck St. Louis Missouri yelp,https://www.yelp.com/biz/the-shaved-duck-saint-louis-3
Memphis Taproom Philadelphia Pennsylvania yelp,https://www.yelp.com/biz/memphis-taproom-philadelphia
Red Iguana Salt Lake City Utah yelp,https://www.yelp.com/biz/red-iguana-salt-lake-city
Sam's Rialto Bar & Grill Pleasantville New Jersey yelp,https://www.yelp.com/biz/sams-rialto-bar-and-grill-pleasantville-2
Rick\xe4\xf3\xbbs White Light Diner Frankfort Kentucky yelp,No URL Found
Perfectly Franks Summerville South Carolina yelp,https://www.yelp.com/biz/perfectly-franks-summerville
Kramarczuk\xe4\xf3\xbbs Minneapolis Minnesota yelp,No URL Found
10th Avenue Burrito Belmar New Jersey yelp,https://www.yelp.com/biz/10th-avenue-burrito-co-belmar
The Fish House Key Largo Florida yelp,https://www.yelp.com/biz/the-fish-house-key-largo
Patrick's Roadhouse Santa Monica California yelp,https://www.yelp.com/biz/patricks-roadhouse-santa-monica
John Mull\xe4\xf3\xbbs Road Kill Grill Las Vegas Nevada yelp,No URL Found
Dot's Back Inn Richmond Virginia yelp,https://www.yelp.com/biz/dots-back-inn-richmond
Louie\xe4\xf3\xbbs Dallas Texas yelp,https://www.yelp.com/biz/louies-dallas
Don Antonio by Starita New York New York yelp,https://www.yelp.com/biz/don-antonio-by-starita-new-york-2
Hullabaloo Diner Wellborn Texas yelp,https://www.yelp.com/biz/hullabaloo-diner-wellborn
Solomon's Landing Cabo San Lucas Mexico yelp,https://www.yelp.com/biz/solomons-landing-cabo-san-lucas
Savoy Caf\xed\xa9 & Deli Santa Barbara California yelp,https://www.yelp.com/biz/savoy-cafe-and-deli-santa-barbara
Gaffey Street Diner San Pedro California yelp,https://www.yelp.com/biz/gaffey-st-diner-los-angeles-2
Ramona Caf\xed\xa9 Ramona California yelp,https://www.yelp.com/biz/marinade-on-main-ramona-2
Blue Collar Miami Florida yelp,https://www.yelp.com/biz/blue-collar-miami
Skirted Heiffer Colorado Springs Colorado yelp,https://www.yelp.com/biz/skirted-heifer-colorado-springs
Senate Pub Cincinnati Ohio yelp,https://www.yelp.com/biz/senate-restaurant-cincinnati
Melt Bar & Grilled Lakewood Ohio yelp,https://www.yelp.com/biz/melt-bar-and-grilled-lakewood-2
Havana Hideout Lake Worth Florida yelp,https://www.yelp.com/biz/havana-hideout-lake-worth
The Smoking Swine Baltimore Maryland yelp,https://www.yelp.com/biz/the-smoking-swine-baltimore
Bluewater Seafood Market & Grill San Diego California yelp,https://www.yelp.com/biz/blue-water-seafood-market-and-grill-san-diego
The Alley Restaurant at Aiea Bowl Aiea Hawaii yelp,https://www.yelp.com/biz/the-alley-restaurant-bar-and-grill-aiea-2
Virgil\xe4\xf3\xbbs Caf\xed\xa9 Bellevue Kentucky yelp,No URL Found
Gold \xe4\xf3\xd6N Silver Inn Reno Nevada yelp,No URL Found
Pineville Tavern Pineville Pennsylvania yelp,https://www.yelp.com/biz/pineville-tavern-pineville
Axios Estiatorio Denver Colorado yelp,https://www.yelp.com/biz/axios-estiatorio-denver
Haus Murphy\xe4\xf3\xbbs Glendale Arizona yelp,No URL Found
The Brick House Cafe and Catering Cable Wisconsin yelp,https://www.yelp.com/biz/brick-house-cafe-and-catering-cable
Paul's Live From New York Eureka California yelp,https://www.yelp.com/biz/live-from-new-york-eureka
The Smoke Joint Brooklyn New York yelp,https://www.yelp.com/biz/the-smoke-joint-brooklyn
Cemitas Puebla Chicago Illinois yelp,https://www.yelp.com/biz/cemitas-puebla-chicago-9
The Village Caf\xed\xa9 Richmond Virginia yelp,https://www.yelp.com/biz/the-village-cafe-richmond
Twisted Root Beer Co. Dallas Texas yelp,https://www.yelp.com/biz/twisted-root-burger-co-deep-ellum-dallas
Norton's Pastrami & Deli Santa Barbara California yelp,https://www.yelp.com/biz/nortons-pastrami-and-deli-santa-barbara-2
Tom's Bar-B-Q Memphis Tennessee yelp,https://www.yelp.com/biz/toms-barbecue-and-deli-memphis-3
Oyster Creek Inn Leeds Point New Jersey yelp,https://www.yelp.com/biz/oyster-creek-inn-leeds-point
24th Street Cafe Bakersfield California yelp,https://www.yelp.com/biz/24th-street-cafe-bakersfield
Honky Tonk BBQ Chicago Illinois yelp,https://www.yelp.com/biz/honky-tonk-bbq-chicago
Martin\xe4\xf3\xbbs Bar-B-Que Joint Nolensville Tennessee yelp,No URL Found
Red Lion Pub & Restaurant Houston Texas yelp,https://www.yelp.com/biz/red-lion-british-pub-houston
La Piazza Al Forno Glendale Arizona yelp,https://www.yelp.com/biz/la-piazza-al-forno-glendale
Grampa's Bakery & Restaurant Dania Beach Florida yelp,https://www.yelp.com/biz/grampas-bakery-and-restaurant-dania-beach
Frosted Mug Alsip Illinois yelp,https://www.yelp.com/biz/the-frosted-mug-drive-in-alsip
Kelly's Diner Somerville Massachusetts yelp,https://www.yelp.com/biz/kellys-diner-somerville
Flying Mango Des Moines Iowa yelp,https://www.yelp.com/biz/flying-mango-des-moines-3
Tavern on 2 Long Beach California yelp,https://www.yelp.com/biz/tavern-on-2-long-beach
The Elegant Farmer Mukwonago Wisconsin yelp,https://www.yelp.com/biz/the-elegant-farmer-mukwonago
Thee Pitts Again Glendale Arizona yelp,https://www.yelp.com/biz/thee-pitts-again-glendale
Elena\xe4\xf3\xbbs Restaurant Waipahu Hawaii yelp,No URL Found
Sip & Bite Restaurant Baltimore Maryland yelp,https://www.yelp.com/biz/sip-and-bite-restaurant-baltimore
Kitty Hoynes Syracuse New York yelp,https://www.yelp.com/biz/kitty-hoynes-irish-pub-and-restaurant-syracuse
Crest Caf\xed\xa9 San Diego California yelp,https://www.yelp.com/biz/crest-cafe-san-diego
Phat Bites Nashville Tennessee yelp,https://www.yelp.com/biz/phat-bites-nashville-4
Joe's Gizzard City Potterville Michigan yelp,https://www.yelp.com/biz/joes-gizzard-city-potterville
Momocho Cleveland Ohio yelp,https://www.yelp.com/biz/momocho-cleveland-2
Smalley\xe4\xf3\xbbs Caribbean Barbeque Stillwater Minnesota yelp,No URL Found
Chili John's Burbank California yelp,https://www.yelp.com/biz/chili-johns-burbank
Big Mama's Kitchen & Catering Omaha Nebraska yelp,https://www.yelp.com/biz/big-mamas-kitchen-omaha
Modern Caf\xed\xa9 Minneapolis Minnesota yelp,https://www.yelp.com/biz/modern-times-caf%25C3%25A9-minneapolis-2
Tip Top Caf\xed\xa9 San Antonio Texas yelp,https://www.yelp.com/biz/tip-top-cafe-san-antonio-2
Clementine Baltimore Maryland yelp,https://www.yelp.com/biz/clementine-baltimore
Broadway Diner Baltimore Maryland yelp,https://www.yelp.com/biz/broadway-diner-baltimore
Smokey D\xe4\xf3\xbbs BBQ Des Moines Iowa yelp,No URL Found
Podnah\xe4\xf3\xbbs Pit Barbeque Portland Oregon yelp,No URL Found
Industrial Caf\xed\xa9 & Saloon Portland Oregon yelp,https://www.yelp.com/biz/industrial-cafe-and-saloon-portland
Rick\xe4\xf3\xbbs Press Room & Grill Meridian Idaho yelp,No URL Found
Cutty's Brookline Massachusetts yelp,https://www.yelp.com/biz/cuttys-brookline
Melt Eclectic Cafe Cincinnati Ohio yelp,https://www.yelp.com/biz/melt-eclectic-cafe-cincinnati-2
Tre Kronor Chicago Illinois yelp,https://www.yelp.com/biz/tre-kronor-chicago
Funk 'n Waffles Syracuse New York yelp,https://www.yelp.com/biz/funk-n-waffles-syracuse
Kelly O\xe4\xf3\xbbs Diner Pittsburgh Pennsylvania yelp,https://www.yelp.com/biz/kelly-os-diner-pittsburgh
Tommy\xe4\xf3\xbbs Joynt San Francisco California yelp,https://www.yelp.com/biz/tommys-joynt-san-francisco
Blue Marlin Fish House Restaurant North Miami Beach Florida yelp,https://www.yelp.com/biz/blue-marlin-fish-house-restaurant-north-miami-beach
Waddell\xe4\xf3\xbbs Pub & Grille Spokane Washington yelp,No URL Found
Monument Cafe Georgetown Texas yelp,https://www.yelp.com/biz/the-monument-caf%25C3%25A9-georgetown
Corey\xe4\xf3\xbbs Catsup & Mustard Manchester Connecticut yelp,No URL Found
Hops & Pie Denver Colorado yelp,https://www.yelp.com/biz/hops-and-pie-denver
Brownstone Diner Jersey City New Jersey yelp,https://www.yelp.com/biz/brownstone-diner-and-pancake-factory-jersey-city
Sterle\xe4\xf3\xbbs Slovenian Country House Cleveland Ohio yelp,No URL Found
Lakeview Restaurant Toronto Ontario Canada yelp,https://www.yelp.com/biz/the-lakeview-toronto
Loleta Cheese Shop Loleta California yelp,https://www.yelp.com/biz/loleta-cheese-factory-loleta
Fresh Catch Honolulu Hawaii yelp,https://www.yelp.com/biz/fresh-catch-honolulu
Tubs Fine Chili Culver City California yelp,https://www.yelp.com/biz/tubs-fine-chili-culver-city
Smack Shack at The 1029 Bar Minneapolis Minnesota yelp,https://www.yelp.com/biz/the-1029-bar-minneapolis
George and the Dragon Minneapolis Minnesota yelp,https://www.yelp.com/biz/george-and-the-dragon-minneapolis
The Farmer\xe4\xf3\xbbs Shed Lexington South Carolina yelp,No URL Found
The Little Depot Diner Peabody Massachusetts yelp,https://www.yelp.com/biz/the-little-depot-diner-peabody
The Early Bird Diner Charleston South Carolina yelp,https://www.yelp.com/biz/early-bird-diner-charleston
Artiso\xe4\xf3\xbbs Salt Lake City Utah yelp,No URL Found
The Sandwich League Eugene Oregon yelp,https://www.yelp.com/biz/the-sandwich-league-eugene
Culhane\xe4\xf3\xbbs Irish Pub Atlantic Beach Florida yelp,No URL Found
Brindle Room Manhattan New York yelp,https://www.yelp.com/biz/brindle-room-new-york
The Fly Trap Ferndale Michigan yelp,https://www.yelp.com/biz/the-fly-trap-ferndale
Darby's Cafe Olympia Washington yelp,https://www.yelp.com/biz/darbys-cafe-olympia
Barrio Cafe Phoenix Arizona yelp,https://www.yelp.com/biz/barrio-caf%25C3%25A9-phoenix-2
Sal\xe4\xf3\xbbs Gilbert Pizza Gilbert Arizona yelp,No URL Found
Singleton\xe4\xf3\xbbs Seafood Shack Atlantic Beach Florida yelp,No URL Found
Bobo Drive-In Topeka Kansas yelp,https://www.yelp.com/biz/bobos-drive-in-topeka
Moseberth's Fried Chicken Portsmouth Virginia yelp,https://www.yelp.com/biz/moseberths-chicken-place-portsmouth
Jersey Caf\xed\xa9 Carmel Indiana yelp,No URL Found
Cafe Genevieve Jackson Wyoming yelp,https://www.yelp.com/biz/cafe-genevieve-jackson
Patton\xe4\xf3\xbbs Restaurant & Catering Des Moines Iowa yelp,No URL Found
Emma Jean's Holland Burger Caf\xed\xa9 Victorville California yelp,https://www.yelp.com/biz/emma-jeans-holland-burger-cafe-victorville
Comet Caf\xed\xa9 Milwaukee Wisconsin yelp,https://www.yelp.com/biz/comet-caf%25C3%25A9-milwaukee-2
Alpine Steakhouse Sarasota Florida yelp,https://www.yelp.com/biz/alpine-steakhouse-sarasota
Parkside Market Falmouth Massachusetts yelp,https://www.yelp.com/biz/parkside-market-falmouth
Noble Pig Sandwiches Austin Texas yelp,https://www.yelp.com/biz/noble-sandwich-austin-3
Bird of Smithfield London UK yelp,https://www.yelp.com/biz/bird-of-smithfield-london-2
Dor-Stop Restaurant Pittsburgh Pennsylvania yelp,https://www.yelp.com/biz/the-dor-stop-restaurant-pittsburgh
Crystal Restaurant Pittsburgh Pennsylvania yelp,https://www.yelp.com/biz/crystal-on-penn-pittsburgh
Gorilla BBQ Pacifica California yelp,https://www.yelp.com/biz/gorilla-barbeque-pacifica
Dad\xe4\xf3\xbbs Kitchen Sacramento California yelp,https://www.yelp.com/biz/dads-kitchen-sacramento-3
Sunflower Caf\xed\xa9 Sonoma California yelp,https://www.yelp.com/biz/sunflower-caffe-sonoma
Caf\xed\xa9 Citti Kenwood California yelp,https://www.yelp.com/biz/cafe-citti-kenwood
Byblos Mediterranean Cafe Syracuse New York yelp,https://www.yelp.com/biz/byblos-mediterranean-cafe-syracuse
Shorty\xe4\xf3\xbbs Pizza and Smoked Meat Superior Wisconsin yelp,No URL Found
Amato's Omaha Nebraska yelp,https://www.yelp.com/biz/amatos-omaha
Victor's 1959 Caf\xed\xa9 Minneapolis Minnesota yelp,https://www.yelp.com/biz/victors-1959-cafe-minneapolis-3
Matthews Cafeteria Tucker Georgia yelp,https://www.yelp.com/biz/matthews-cafeteria-tucker
Blue Koi Kansas City Missouri yelp,https://www.yelp.com/biz/blue-koi-kansas-city
Willie Bird's Restaurant Santa Rosa California yelp,https://www.yelp.com/biz/willie-birds-restaurant-santa-rosa
Caf\xed\xa9 Nooner Eureka California yelp,No URL Found
Schellville Grill Sonoma California yelp,https://www.yelp.com/biz/schellville-grill-sonoma-2
Miller\xe4\xf3\xbbs East Coast Deli San Francisco California yelp,No URL Found
Boston Burger Company Boston Massachusetts yelp,https://www.yelp.com/biz/boston-burger-company-boston
Eva's European Sweets Syracuse New York yelp,https://www.yelp.com/biz/evas-european-sweets-syracuse
Alcenia's Memphis Tennessee yelp,https://www.yelp.com/biz/alcenias-desserts-and-preserves-shop-memphis
La Santisima Gourmet Taco Shop Bakersfield California yelp,https://www.yelp.com/biz/la-santisima-gourmet-taco-shop-flagstaff-2
Taylor's Automatic Refresher St. Helena California yelp,https://www.yelp.com/biz/gotts-roadside-saint-helena-2
Sidewinder\xe4\xf3\xbbs American Grill Jackson Wyoming yelp,No URL Found
Galway Bay Irish Pub Annapolis Maryland yelp,https://www.yelp.com/biz/galway-bay-irish-restaurant-and-pub-annapolis
Louie & The Red Head Lady Mandeville Louisiana yelp,https://www.yelp.com/biz/louie-and-the-redhead-lady-mandeville-3
Ortegaz' Southwestern Grill Manteo North Carolina yelp,https://www.yelp.com/biz/ortegaz-southwestern-grill-and-wine-bar-manteo
Bar Gernika Boise Idaho yelp,https://www.yelp.com/biz/bar-gernika-boise
Wrecking Bar Brewpub Atlanta Georgia yelp,https://www.yelp.com/biz/wrecking-bar-brewpub-atlanta
Yayo Taco Las Vegas Nevada yelp,https://www.yelp.com/biz/yayo-taco-las-vegas
Bob\xe4\xf3\xbbs Taco Station Rosenberg Texas yelp,No URL Found
Los Tacquitos Grill Phoenix Arizona yelp,https://www.yelp.com/biz/los-taquitos-phoenix
Humboldt Sweets Ferndale California yelp,https://www.yelp.com/biz/humboldt-sweets-ferndale
Marietta Diner Marietta Georgia yelp,https://www.yelp.com/biz/marietta-diner-marietta-2
Al's Breakfast Minneapolis Minnesota yelp,https://www.yelp.com/biz/als-breakfast-minneapolis
Pok Pok Portland Oregon yelp,https://www.yelp.com/biz/pok-pok-portland
Ernest & Son Brigantine New Jersey yelp,https://www.yelp.com/biz/ernest-and-son-meat-market-brigantine
Curry Corner Tempe Arizona yelp,https://www.yelp.com/biz/curry-corner-tempe
Metro 29 Diner Arlington Virginia yelp,https://www.yelp.com/biz/metro-29-diner-restaurant-arlington
Junkyard Extreme Burgers and Brats Junction City Oregon yelp,https://www.yelp.com/biz/junkyard-extreme-burgers-and-brats-junction-city
Hodad\xe4\xf3\xbbs Ocean Beach California yelp,No URL Found
Baby Blues BBQ Venice California yelp,https://www.yelp.com/biz/baby-blues-bbq-venice-venice
Union Woodshop Clarkston Michigan yelp,https://www.yelp.com/biz/union-woodshop-clarkston
Charlie Parker's Springfield Illinois yelp,https://www.yelp.com/biz/charlie-parkers-springfield
Nye's Polonaise Room Minneapolis Minnesota yelp,https://www.yelp.com/biz/nyes-polonaise-room-minneapolis
Putah Creek Caf\xed\xa9 Winters California yelp,No URL Found
Dean\xe4\xf3\xbbs Drive Inn Kaneohe Hawaii yelp,No URL Found
Buster's on 28th Minneapolis Minnesota yelp,https://www.yelp.com/biz/busters-on-28th-minneapolis
Rutt\xe4\xf3\xbbs Hawaiian Cafe Los Angeles California yelp,No URL Found
Hillbilly Hot Dogs Lesage West Virginia yelp,https://www.yelp.com/biz/hillbilly-hot-dogs-lesage
Stoney Creek Inn Baltimore Maryland yelp,https://www.yelp.com/biz/stoney-creek-inn-greenland-beach
Papa\xe4\xf3\xbbs Soul Food Kitchen and BBQ Eugene Oregon yelp,No URL Found
Murphy\xe4\xf3\xbbs Bar & Grill Honolulu Hawaii yelp,https://www.yelp.com/biz/murphys-bar-and-grill-honolulu
W.O.W \xe4\xf3\xf1 Worth Our Weight Santa Rosa California yelp,No URL Found
Green Papaya Food Truck Stockton California yelp,https://www.yelp.com/biz/green-papaya-food-truck-stockton
Don\xe4\xf3\xbbs Hilltop Kodiak Grill Boise Idaho yelp,No URL Found
Savarino\xe4\xf3\xbbs Cucina Nashville Tennessee yelp,No URL Found
The Old Coffee Pot Restaurant New Orleans Louisiana yelp,https://www.yelp.com/biz/the-old-coffee-pot-restaurant-new-orleans
BBQ Shack Paola Kansas yelp,https://www.yelp.com/biz/the-bbq-shack-paola
Soup Nation Eugene Oregon yelp,https://www.yelp.com/biz/soup-nation-eugene
The Dining Car Philadelphia Pennsylvania yelp,https://www.yelp.com/biz/the-dining-car-and-market-philadelphia
"DeFalco's Italian Eatery, Grocery & Deli Scottsdale Arizona yelp",https://www.yelp.com/biz/defalcos-italian-grocery-scottsdale
Sophia Restaurant Buffalo New York yelp,https://www.yelp.com/biz/sophias-restaurant-buffalo
Schooner or Later Long Beach California yelp,https://www.yelp.com/biz/schooner-or-later-long-beach
LaCaraquena Falls Church Virginia yelp,https://www.yelp.com/biz/la-caraquena-falls-church-2
Port Ellen Clan Lucca Italy yelp,https://www.yelp.com/biz/port-ellen-clan-lucca
Danny's All American Diner Tampa Florida yelp,https://www.yelp.com/biz/dannys-all-american-diner-and-dairy-bar-tampa-2
Peaceful Restaurant Vancouver British Columbia yelp,https://www.yelp.com/biz/peaceful-restaurant-vancouver
Nana Organic Chicago Illinois yelp,https://www.yelp.com/biz/nana-chicago
Giuseppe\xe4\xf3\xbbs Restaurant Phoenix Arizona yelp,No URL Found
Taco Taco Mexican Restaurant San Antonio Texas yelp,https://www.yelp.com/biz/taco-taco-cafe-san-antonio
Hank's Creekside Restaurant Santa Rosa California yelp,https://www.yelp.com/biz/hanks-creekside-restaurant-santa-rosa-3
Andreoli \xe4\xf3\xf1 Italian Grocer Scottsdale Arizona yelp,No URL Found
Dixie Quicks Omaha Nebraska yelp,https://www.yelp.com/biz/dixie-quicks-council-bluffs
Pat\xe4\xf3\xbbs BBQ Salt Lake City Utah yelp,No URL Found
Grampa\xe4\xf3\xbbs Bakery & Restaurant Dania Beach Florida yelp,No URL Found
Outer Banks Brewing Station Kill Devil Hills North Carolina yelp,https://www.yelp.com/biz/outer-banks-brewing-station-kill-devil-hills
Mediterraneo Caffe Providence Rhode Island yelp,https://www.yelp.com/biz/mediterraneo-providence
Prohibition Denver Colorado yelp,https://www.yelp.com/biz/prohibition-denver
Moroccan Bites San Antonio Texas yelp,https://www.yelp.com/biz/moroccan-bites-san-antonio
Metro Diner Jacksonville Florida yelp,https://www.yelp.com/biz/metro-diner-jacksonville
Biju's Little Curry Shop Denver Colorado yelp,https://www.yelp.com/biz/bijus-little-curry-shop-denver-2
The Russian River Pub Forestville California yelp,https://www.yelp.com/biz/russian-river-pub-forestville
Fab Hot Dogs Reseda California yelp,https://www.yelp.com/biz/fab-hot-dogs-reseda-4
Lone Star Taco Bar Allston Massachusetts yelp,https://www.yelp.com/biz/lone-star-taco-bar-allston
A Taste of Home Cooking Wheat Ridge Colorado yelp,https://www.yelp.com/biz/a-taste-of-home-cooking-wheat-ridge
Tin Roof Grill Sandy Utah yelp,https://www.yelp.com/biz/tin-roof-grill-sandy
DMK Burger Bar Chicago Illinois yelp,https://www.yelp.com/biz/dmk-burger-bar-chicago
Pies 'N' Thighs Brooklyn New York yelp,https://www.yelp.com/biz/pies-n-thighs-brooklyn
Cabo Fish Taco Charlotte North Carolina yelp,https://www.yelp.com/biz/cabo-fish-taco-charlotte
Mama Cozza\xe4\xf3\xbbs Anaheim California yelp,No URL Found
The Rivershack Tavern Jefferson Louisiana yelp,https://www.yelp.com/biz/rivershack-tavern-jefferson
Slim\xe4\xf3\xbbs Last Chance Chili Shack & Watering Hole Seattle Washington yelp,No URL Found
Jefferson Diner Lake Hopatcong New Jersey yelp,https://www.yelp.com/biz/jefferson-diner-lake-hopatcong
The Grilled Cheeserie Nashville Tennessee yelp,https://www.yelp.com/biz/the-grilled-cheeserie-nashville
Blackwater Grill St. Simons Island Georgia yelp,https://www.yelp.com/biz/blackwater-grill-saint-simons-island-3
Crepe Expectations Las Vegas Nevada yelp,https://www.yelp.com/biz/cr%25C3%25AApe-expectations-las-vegas-2
Driftwood Publick House & Oysteria Plymouth Massachusetts yelp,https://www.yelp.com/biz/driftwood-publick-house-plymouth
Rick's Press Room Grill & Bar Meridian Idaho yelp,https://www.yelp.com/biz/ricks-press-room-grill-and-bar-meridian
Bert\xe4\xf3\xbbs Burger Bowl Santa Fe New Mexico yelp,No URL Found
Green Mesquite Austin Texas yelp,https://www.yelp.com/biz/green-mesquite-bbq-and-more-austin
Pier 23 Caf\xed\xa9 San Francisco California yelp,https://www.yelp.com/biz/pier-23-cafe-san-francisco
Tune-Up Caf\xed\xa9 Santa Fe New Mexico yelp,https://www.yelp.com/biz/tune-up-cafe-santa-fe
Aunt Lena's Creamery Chandler Arizona yelp,https://www.yelp.com/biz/aunt-lenas-creamery-chandler
Prince Lebanese Grill Arlington Texas yelp,https://www.yelp.com/biz/prince-lebanese-grill-arlington
Pizzeria Luigi North Park California yelp,https://www.yelp.com/biz/pizzeria-luigi-san-diego-2
From Scratch Restaurant Carmel California yelp,https://www.yelp.com/search%3Ffind_desc%3DBest%2BRestaurants%26find_loc%3DCarmel-by-the-Sea%252C%2BCA%2B93923
Mac & Ernie's Tarpley Texas yelp,https://www.yelp.com/biz/mac-and-ernies-roadside-eatery-tarpley-2
Caplansky's Deli Toronto Ontario yelp,https://www.yelp.com/biz/caplanskys-delicatessen-toronto
At Last Cafe Long Beach California yelp,https://www.yelp.com/biz/at-last-cafe-long-beach
Hildebrandt\xe4\xf3\xbbs Williston Park New York yelp,No URL Found
Ruth\xe4\xf3\xbbs Diner Salt Lake City Utah yelp,No URL Found
The Silver Star Caf\xed\xa9 Park City Utah yelp,https://www.yelp.com/biz/silver-star-cafe-park-city
Monterey Fish House Monterey California yelp,https://www.yelp.com/biz/montereys-fish-house-monterey-2
Highland Tavern Denver Colorado yelp,https://www.yelp.com/biz/highland-tavern-denver
Aunt Carrie's Narragansett Rhode Island yelp,https://www.yelp.com/biz/aunt-carries-restaurant-narragansett
Hank\xe4\xf3\xbbs Haute Dogs Honolulu Hawaii yelp,No URL Found
Four Kegs Sports Pub Las Vegas Nevada yelp,https://www.yelp.com/biz/four-kegs-sports-bar-las-vegas
Nic\xe4\xf3\xbbs Grill Oklahoma City Oklahoma yelp,No URL Found
The Front Porch San Francisco California yelp,https://www.yelp.com/biz/the-front-porch-san-francisco
Boulevard Diner Dundalk Maryland yelp,https://www.yelp.com/biz/boulevard-diner-dundalk
Bobby's Hawaiian Style Restaurant Everett Washington yelp,https://www.yelp.com/biz/bobbys-hawaiian-style-restaurant-lynnwood-3
Gannucci\xe4\xf3\xbbs Italian Market Duluth Minnesota yelp,No URL Found
The Joint New Orleans Louisiana yelp,https://www.yelp.com/biz/the-joint-new-orleans
Shucker's World Famous Raw Bar Woods Hole Massachusetts yelp,https://www.yelp.com/biz/shuckers-woods-hole
Empire Brewing Company Syracuse New York yelp,https://www.yelp.com/biz/empire-brewing-company-syracuse-2
Cornbread Cafe Eugene Oregon yelp,https://www.yelp.com/biz/cornbread-cafe-eugene
39th Street Mama's Kansas City Missouri yelp,https://www.yelp.com/biz/mamas-39th-st-diner-kansas-city
Black Pelican Oceanfront Restaurant Kitty Hawk North Carolina yelp,https://www.yelp.com/biz/black-pelican-kitty-hawk
Valencia Luncheria Norwalk Connecticut yelp,https://www.yelp.com/biz/valencia-luncheria-norwalk
Tiki Bar Cabo San Lucas Mexico yelp,https://www.yelp.com/biz/tiki-bar-cabo-san-lucas
Hill\xe4\xf3\xbbs Restaurant & Lounge Spokane Washington yelp,No URL Found
Fox Bros Bar-B-Q Atlanta Georgia yelp,https://www.yelp.com/biz/fox-bros-bar-b-q-atlanta
Panozzo's Italian Market Chicago Illinois yelp,https://www.yelp.com/biz/panozzos-italian-market-chicago
The Kitchen Oxnard California yelp,https://www.yelp.com/biz/the-kitchen-oxnard
Emily\xe4\xf3\xbbs Lebanese Deli Minneapolis Minnesota yelp,No URL Found
Wallace Station Versailles Kentucky yelp,https://www.yelp.com/biz/wallace-station-deli-and-bakery-versailles
Blueplate Lunch Counter & Soda Fountain Portland Oregon yelp,https://www.yelp.com/biz/blueplate-portland
Keegan's Seafood Grille Indian Rocks Beach Florida yelp,https://www.yelp.com/biz/keegans-seafood-grille-indian-rocks-beach
Casa Razdora Boston Massachusetts yelp,https://www.yelp.com/biz/casa-razdora-boston
Queen's Comfort Astoria New York yelp,https://www.yelp.com/biz/queens-comfort-astoria
Manci's Antique Club Daphne Alabama yelp,https://www.yelp.com/biz/mancis-antique-club-daphne-2
Bay Way Diner Linden New Jersey yelp,https://www.yelp.com/biz/bayway-diner-linden
La Pines Caf\xed\xa9 Slidell Louisiana yelp,https://www.yelp.com/biz/la-pines-cafe-slidell
Surrey\xe4\xf3\xbbs Caf\xed\xa9 New Orleans Louisiana yelp,No URL Found
Dj\xe4\xf3\xbbs Clam Shack Key West Florida yelp,No URL Found
Sabroso Mexican Grill Garden Grove California yelp,https://www.yelp.com/biz/sabroso-mexican-grill-garden-grove
Paul\xe4\xf3\xbbs Live From New York Eureka California yelp,No URL Found
Big Jim\xe4\xf3\xbbs Pittsburgh Pennsylvania yelp,https://www.yelp.com/biz/big-jims-restaurant-and-bar-pittsburgh
Krazy Jim's Blimpy Burger Ann Arbor Michigan yelp,https://www.yelp.com/biz/krazy-jims-blimpy-burger-ann-arbor-3
Elk Public House Spokane Washington yelp,https://www.yelp.com/biz/the-elk-public-house-spokane
Maria\xe4\xf3\xbbs Taco Express Austin Texas yelp,No URL Found
Black Tree New York New York yelp,https://www.yelp.com/biz/black-tree-new-york
The Alley Restaurant At Aiea Bowl Aiea Hawaii yelp,https://www.yelp.com/biz/the-alley-restaurant-bar-and-grill-aiea-2
Restaurant 415 Fort Collins Colorado yelp,https://www.yelp.com/biz/restaurant-415-fort-collins
Clendenen\xe4\xf3\xbbs Cider Works Fortuna California yelp,No URL Found
